locationid;sessionid;recordid;lzeq_l;lzeq_min;lzeq_max;lzeq_l5;lzeq_l10;lzeq_l50;lzeq_l90;lzeq_l95;lceq_l(c);lceq_min(c);lceq_max(c);lceq_l5(c);lceq_l10(c);lceq_l50(c);lceq_l90(c);lceq_l95(c);laeq_l(a);laeq_min(a);laeq_max(a);laeq_l5(a);laeq_l10(a);laeq_l50(a);laeq_l90(a);laeq_l95(a);n_n5;n_min;n_max;n_n10;n_n50;n_n90;n_n95;s_s;s_min;s_max;s_s5;s_s10;s_s50;s_s90;s_s95;r_r;r_min;r_max;r_r5;r_r10;r_r50;r_r90;r_r95;t_tonalityhms;t_min;t_max;t_t5;t_t10;t_t50;t_t90;t_t95;fs_f;fs_min;fs_max;fs_f5;fs_f10;fs_f50;fs_f90;fs_f95;i_i;i_min;i_max;i_i5;i_i10;i_i50;i_i90;i_i95;ra_cp;ra_min;ra_max;ra_cp5;ra_cp10;ra_cp50;ra_cp90;ra_cp95;thd_thd;thd_min;thd_max;thd_l5;thd_l10;thd_l50;thd_l90;thd_l95
Noorderplantsoen;Noorderplantsoen1;1461;67,88;56,68;80,71;72,25;70,75;66,51;59,96;59,18;67,44;55,82;80,59;72,04;70,36;65,9;59,01;58,14;62,6;50,2;73,64;67,47;66,1;60,66;53,96;53,21;21,9;0,0;29,3;19,6;13,9;8,95;8,53;2,06;0,0;3,26;2,51;2,38;2,05;1,73;1,66;0,0333;0,0122;0,136;0,0574;0,047;0,031;0,0209;0,0187;0,158;0,0;1,21;0,457;0,325;0,0725;0,01;0,00507;0,0233;0,00628;0,0655;0,0511;0,0429;0,0194;0,00789;0,00749;0,447;0,182;1,03;0,688;0,63;0,425;0,312;0,282;11,1;1,07;59,7;25,2;19,9;9,21;4,64;3,85;-1,44;-6,93;55,58;38,99;29,18;9,8;-4,33;-4,99
Noorderplantsoen;Noorderplantsoen1;1462;67,98;61,0;78,83;72,23;70,9;65,66;62,53;62,17;65,63;60,29;74,01;69,33;68,47;64,16;61,51;61,17;57,91;50,23;69,84;61,95;60,55;56,37;52,11;51,46;14,5;0,0;27,1;13,4;10,6;8,65;8,31;1,94;0,0;3,54;2,37;2,27;1,9;1,67;1,63;0,0306;0,0143;0,159;0,0545;0,0454;0,0275;0,0189;0,0176;0,11;0,0;1,14;0,313;0,208;0,0446;0,00843;0,00467;0,0335;0,00547;0,0945;0,0716;0,0641;0,0322;0,00998;0,00767;0,549;0,259;1,46;0,949;0,842;0,503;0,355;0,323;12,0;0,525;107,0;29,2;23,8;9,26;3,95;3,05;-0,94;-7,48;60,81;32,09;25,4;9,37;-4,13;-5,18
Noorderplantsoen;Noorderplantsoen1;1463;67,98;61,0;78,83;72,23;70,9;65,66;62,53;62,17;65,63;60,29;74,01;69,33;68,47;64,16;61,51;61,17;57,91;50,23;69,84;61,95;60,55;56,37;52,11;51,46;14,5;0,0;27,1;13,4;10,6;8,65;8,31;1,94;0,0;3,54;2,37;2,27;1,9;1,67;1,63;0,0306;0,0143;0,159;0,0545;0,0454;0,0275;0,0189;0,0176;0,11;0,0;1,14;0,313;0,208;0,0446;0,00843;0,00467;0,0335;0,00547;0,0945;0,0716;0,0641;0,0322;0,00998;0,00767;0,549;0,259;1,46;0,949;0,842;0,503;0,355;0,323;12,0;0,525;107,0;29,2;23,8;9,26;3,95;3,05;-0,94;-7,48;60,81;32,09;25,4;9,37;-4,13;-5,18
Noorderplantsoen;Noorderplantsoen1;1464;62,41;56,28;69,55;65,68;64,64;61,77;58,72;58,0;61,82;55,74;69,51;65,41;64,19;61,1;57,72;57,18;57,54;49,35;66,87;61,39;60,03;56,67;51,6;50,79;14,9;0,0;19,3;13,7;10,7;8,03;7,46;2,15;0,0;3,56;2,65;2,52;2,11;1,84;1,78;0,0314;0,0113;0,126;0,0738;0,0517;0,0262;0,0179;0,0158;0,13;0,0;0,936;0,313;0,246;0,0853;0,015;0,00754;0,0139;0,00396;0,0498;0,033;0,0257;0,0117;0,00568;0,00446;0,493;0,228;1,43;0,85;0,74;0,439;0,322;0,3;8,93;0,284;61,7;24,7;17,2;6,82;3,19;2,47;-1,81;-9,82;50,0;31,39;25,91;8,98;-7,35;-7,89
Noorderplantsoen;Noorderplantsoen1;1465;64,4;58,36;75,83;68,13;66,13;63,1;60,25;59,93;62,12;55,44;71,09;65,16;64,12;61,48;58,55;58,21;55,29;49,38;64,76;57,59;57,01;54,63;51,65;51,04;11,4;0,0;15,7;11,0;9,29;7,63;7,25;1,84;0,0;2,77;2,22;2,11;1,83;1,56;1,52;0,0276;0,0141;0,0667;0,0423;0,037;0,0268;0,0192;0,0175;0,195;0,0;1,19;0,568;0,432;0,107;0,013;0,00589;0,0178;0,006;0,0373;0,0342;0,0315;0,0157;0,00813;0,00746;0,443;0,249;1,26;0,705;0,577;0,41;0,319;0,295;8,85;0,684;35,6;18,8;15,6;7,75;3,63;2,9;-3,8;-11,73;56,82;30,09;22,18;4,68;-9,05;-9,83
Noorderplantsoen;Noorderplantsoen1;1466;64,4;58,36;75,83;68,13;66,13;63,1;60,25;59,93;62,12;55,44;71,09;65,16;64,12;61,48;58,55;58,21;55,29;49,38;64,76;57,59;57,01;54,63;51,65;51,04;11,4;0,0;15,7;11,0;9,29;7,63;7,25;1,84;0,0;2,77;2,22;2,11;1,83;1,56;1,52;0,0276;0,0141;0,0667;0,0423;0,037;0,0268;0,0192;0,0175;0,195;0,0;1,19;0,568;0,432;0,107;0,013;0,00589;0,0178;0,006;0,0373;0,0342;0,0315;0,0157;0,00813;0,00746;0,443;0,249;1,26;0,705;0,577;0,41;0,319;0,295;8,85;0,684;35,6;18,8;15,6;7,75;3,63;2,9;-3,8;-11,73;56,82;30,09;22,18;4,68;-9,05;-9,83
Noorderplantsoen;Noorderplantsoen1;2;62,57;52,82;70,99;67,28;66,34;60,34;55,15;54,3;59,96;52,02;68,15;64,29;63,55;57,86;53,99;53,32;48,75;44,94;55,79;52,04;50,62;47,82;46,14;45,75;8,16;0,0;11,5;7,7;6,41;5,4;5,18;2,01;0,0;3,36;2,53;2,36;1,97;1,71;1,64;0,02;0,0102;0,0419;0,0285;0,0259;0,0193;0,0148;0,0137;0,102;0,0;1,28;0,256;0,133;0,0227;0,0038;0,00185;0,00707;0,00203;0,0224;0,0176;0,0137;0,00552;0,00285;0,00249;0,417;0,238;1,04;0,673;0,56;0,389;0,309;0,291;4,93;0,0541;46,4;11,3;8,55;4,1;1,98;1,52;-0,6;-13,12;55,43;22,94;19,09;5,33;-9,93;-11,04
Noorderplantsoen;Noorderplantsoen1;73;62,57;52,82;70,99;67,28;66,34;60,34;55,15;54,3;59,96;52,02;68,15;64,29;63,55;57,86;53,99;53,32;48,75;44,94;55,79;52,04;50,62;47,82;46,14;45,75;8,16;0,0;11,5;7,7;6,41;5,4;5,18;2,01;0,0;3,36;2,53;2,36;1,97;1,71;1,64;0,02;0,0102;0,0419;0,0285;0,0259;0,0193;0,0148;0,0137;0,102;0,0;1,28;0,256;0,133;0,0227;0,0038;0,00185;0,00707;0,00203;0,0224;0,0176;0,0137;0,00552;0,00285;0,00249;0,417;0,238;1,04;0,673;0,56;0,389;0,309;0,291;4,93;0,0541;46,4;11,3;8,55;4,1;1,98;1,52;-0,6;-13,12;55,43;22,94;19,09;5,33;-9,93;-11,04
Noorderplantsoen;Noorderplantsoen1;88;71,91;61,52;78,77;77,55;76,37;70,03;64,49;63,87;71,02;59,79;77,72;76,31;75,5;69,27;63,24;62,52;64,28;51,0;71,87;68,97;68,16;63,09;53,66;52,43;24,8;0,0;29,3;23,6;17,9;9,69;8,72;2,13;0,0;2,94;2,51;2,43;2,14;1,85;1,79;0,034;0,0144;0,0992;0,0591;0,0507;0,0312;0,0203;0,0186;0,21;0,0;1,08;0,675;0,495;0,12;0,0246;0,0118;0,00891;0,00242;0,0285;0,0259;0,0189;0,0075;0,00291;0,00278;0,343;0,228;0,68;0,5;0,435;0,328;0,27;0,258;6,49;0,147;40,6;13,1;10,6;5,78;2,95;2,3;-2,75;-14,02;64,62;39,21;32,3;11,15;-11,88;-12,6
Noorderplantsoen;Noorderplantsoen1;98;72,11;57,44;78,45;76,26;75,66;70,77;59,69;59,03;71,33;56,66;77,7;75,58;74,96;69,96;58,72;58,11;56,41;48,94;63,41;60,1;59,58;55,99;50,81;50,1;16,0;0,0;21,7;15,1;11,8;7,95;7,37;1,83;0,0;3,54;2,6;2,45;1,76;1,52;1,47;0,0261;0,0106;0,1;0,0414;0,036;0,0242;0,0172;0,0158;0,408;0,0;1,22;0,925;0,861;0,242;0,0106;0,00315;0,0158;0,0036;0,0487;0,0351;0,0287;0,0143;0,00566;0,00448;0,407;0,176;1,7;0,738;0,631;0,375;0,255;0,234;7,03;0,227;54,2;17,7;12,8;5,51;2,57;2,03;-6,24;-7,37;68,89;29,14;23,97;9,69;-3,52;-4,47
Noorderplantsoen;Noorderplantsoen1;97;58,11;54,35;61,5;60,02;59,5;57,86;56,64;56,38;57,13;53,66;60,52;58,9;58,47;56,9;55,77;55,5;49,93;45,19;59,65;54,19;51,76;48,44;46,99;46,76;8,61;0,0;12,5;7,9;6,48;5,69;5,48;1,87;0,0;3,41;2,43;2,24;1,81;1,54;1,47;0,0201;0,00982;0,0482;0,0281;0,0258;0,0199;0,0149;0,0138;0,255;0,0;1,2;0,646;0,531;0,187;0,0346;0,0193;0,0173;0,00383;0,0475;0,037;0,0325;0,0164;0,0058;0,00507;0,44;0,245;1,2;0,699;0,599;0,41;0,308;0,289;8,22;0,0;58,5;20,2;15,6;6,65;2,95;2,3;-5,08;-15,81;49,61;24,88;20,09;-1,12;-14,36;-14,73
Noorderplantsoen;Noorderplantsoen1;96;65,56;58,05;75,12;72,93;68,99;62,82;59,28;58,8;65,05;57,03;74,88;72,63;68,76;62,12;58,28;57,85;60,49;49,15;70,96;67,65;64,63;56,63;50,95;50,43;22,9;0,0;28,7;18,6;11,0;7,58;7,26;2,07;0,0;3,03;2,62;2,47;2,02;1,73;1,67;0,033;0,0125;0,211;0,096;0,0515;0,0252;0,0176;0,0162;0,11;0,0;0,572;0,27;0,21;0,0499;0,0083;0,00463;0,0134;0,00334;0,043;0,0344;0,0285;0,0118;0,005;0,00464;0,398;0,227;0,959;0,571;0,524;0,389;0,289;0,272;7,43;0,212;42,8;16,0;12,9;6,41;3,03;2,37;-1,39;-6,43;56,21;35,54;29,56;11,23;-4,84;-5,27
Noorderplantsoen;Noorderplantsoen1;3;62,33;57,69;67,57;65,81;65,16;61,01;59,29;58,93;61,58;56,79;66,6;64,92;64,46;60,23;58,48;58,15;56,87;50,15;63,96;60,58;59,89;55,17;51,76;51,19;13,6;0,0;18,2;13,1;9,85;8,06;7,79;2,06;0,0;3,34;2,51;2,39;2,04;1,75;1,67;0,0265;0,0125;0,0712;0,0446;0,0387;0,0243;0,0178;0,0165;0,161;0,0;1,52;0,347;0,267;0,056;0,00651;0,00259;0,0124;0,00396;0,0761;0,0511;0,0231;0,00685;0,00459;0,00445;0,525;0,227;1,22;0,819;0,725;0,5;0,345;0,315;7,79;0,372;47,8;18,5;14,0;6,42;3,13;2,47;-1,75;-7,63;52,0;32,95;25,38;8,38;-5,1;-5,75
Noorderplantsoen;Noorderplantsoen1;4;72,02;60,94;78,14;76,85;76,06;68,09;64,02;62,99;71,43;59,89;77,45;76,06;75,34;67,76;63,03;61,88;66,66;51,76;74,92;71,87;71,08;62,59;55,51;53,82;29,4;0,0;38,4;27,3;16,4;10,1;9,3;2,07;0,0;3,73;2,7;2,5;2,02;1,73;1,62;0,0328;0,0155;0,0816;0,0509;0,0461;0,0316;0,0216;0,0195;0,107;0,0;0,814;0,274;0,202;0,0526;0,00884;0,00398;0,00714;0,00266;0,0167;0,0151;0,0118;0,00662;0,00356;0,00308;0,372;0,217;0,816;0,538;0,5;0,345;0,275;0,263;7,39;0,544;45,2;14,6;12,0;6,61;3,44;2,73;-1,17;-3,74;59,99;42,47;35,73;13,76;-0,45;-1,42
Noorderplantsoen;Noorderplantsoen1;90;72,02;60,94;78,14;76,85;76,06;68,09;64,02;62,99;71,43;59,89;77,45;76,06;75,34;67,76;63,03;61,88;66,66;51,76;74,92;71,87;71,08;62,59;55,51;53,82;29,4;0,0;38,4;27,3;16,4;10,1;9,3;2,07;0,0;3,73;2,7;2,5;2,02;1,73;1,62;0,0328;0,0155;0,0816;0,0509;0,0461;0,0316;0,0216;0,0195;0,107;0,0;0,814;0,274;0,202;0,0526;0,00884;0,00398;0,00714;0,00266;0,0167;0,0151;0,0118;0,00662;0,00356;0,00308;0,372;0,217;0,816;0,538;0,5;0,345;0,275;0,263;7,39;0,544;45,2;14,6;12,0;6,61;3,44;2,73;-1,17;-3,74;59,99;42,47;35,73;13,76;-0,45;-1,42
Noorderplantsoen;Noorderplantsoen1;5;61,75;55,11;72,39;65,33;64,48;60,37;57,75;57,24;59,52;54,13;67,46;63,58;62,17;58,55;56,43;55,84;51,18;46,48;59,45;55,7;54,64;50,47;47,64;47,22;10,3;0,0;13,8;9,28;7,13;5,82;5,65;1,78;0,0;2,77;2,2;2,09;1,76;1,48;1,42;0,0243;0,00914;0,206;0,0446;0,0324;0,0217;0,0161;0,0147;0,132;0,0;0,904;0,369;0,219;0,0411;0,00477;0,00229;0,0101;0,00239;0,0389;0,0289;0,0211;0,00748;0,00344;0,00296;0,466;0,221;1,2;0,779;0,677;0,432;0,304;0,283;6,85;0,0638;40,7;17,7;13,9;5,25;2,27;1,74;-2,13;-13,96;53,11;26,71;19,66;1,97;-12,25;-12,76
Noorderplantsoen;Noorderplantsoen1;87;61,75;55,11;72,39;65,33;64,48;60,37;57,75;57,24;59,52;54,13;67,46;63,58;62,17;58,55;56,43;55,84;51,18;46,48;59,45;55,7;54,64;50,47;47,64;47,22;10,3;0,0;13,8;9,28;7,13;5,82;5,65;1,78;0,0;2,77;2,2;2,09;1,76;1,48;1,42;0,0243;0,00914;0,206;0,0446;0,0324;0,0217;0,0161;0,0147;0,132;0,0;0,904;0,369;0,219;0,0411;0,00477;0,00229;0,0101;0,00239;0,0389;0,0289;0,0211;0,00748;0,00344;0,00296;0,466;0,221;1,2;0,779;0,677;0,432;0,304;0,283;6,85;0,0638;40,7;17,7;13,9;5,25;2,27;1,74;-2,13;-13,96;53,11;26,71;19,66;1,97;-12,25;-12,76
Noorderplantsoen;Noorderplantsoen1;84;63,68;59,0;73,02;68,87;65,06;61,54;60,34;59,94;63,05;57,91;72,79;68,47;64,42;60,89;59,67;59,37;59,25;51,16;70,55;66,3;60,57;54,84;52,32;51,91;20,5;0,0;29,3;14,2;9,92;8,32;8,1;2,06;0,0;3,34;2,72;2,43;1,99;1,78;1,73;0,0278;0,0124;0,12;0,0485;0,0388;0,0246;0,0178;0,0164;0,143;0,0;1,04;0,384;0,279;0,0688;0,0125;0,00595;0,0148;0,00555;0,0386;0,0355;0,027;0,0113;0,00663;0,0063;0,415;0,205;1,16;0,726;0,605;0,387;0,273;0,249;8,7;0,463;51,7;20,9;16,3;7,04;3,29;2,55;-1,67;-11,79;52,22;32,56;29,09;10,23;-7,92;-8,89
Noorderplantsoen;Noorderplantsoen1;83;65,96;60,28;74,54;69,55;68,01;65,37;62,33;61,94;65,22;59,55;74,38;69,09;67,44;63,89;61,54;61,19;60,61;51,04;72,64;65,49;63,26;58,37;53,2;52,69;18,0;0,0;30,0;16,7;12,8;9,03;8,66;2,05;0,0;3,03;2,46;2,36;2,03;1,76;1,7;0,0324;0,0127;0,123;0,0679;0,0575;0,0288;0,0198;0,018;0,122;0,0;2,0;0,32;0,244;0,0742;0,0157;0,00938;0,0134;0,00261;0,0603;0,0401;0,0289;0,00804;0,00294;0,00284;0,501;0,263;1,27;0,948;0,804;0,433;0,311;0,292;7,97;0,194;77,3;22,8;16,7;5,68;2,61;1,97;-1,17;-12,15;56,61;35,1;30,51;8,72;-10,08;-10,51
Noorderplantsoen;Noorderplantsoen1;6;67,46;57,57;78,04;72,25;70,37;64,71;61,11;59,98;66,19;56,57;74,19;71,2;69,59;63,78;60,32;58,69;60,09;49,95;69,31;66,06;64,44;55,78;52,3;51,29;20,9;0,0;27,5;18,8;10,8;8,15;7,51;2,01;0,0;3,09;2,66;2,49;1,93;1,65;1,6;0,0412;0,0112;0,176;0,125;0,075;0,0292;0,0189;0,0175;0,198;0,0;0,731;0,455;0,351;0,173;0,0512;0,0327;0,00935;0,00329;0,0317;0,0222;0,0165;0,00755;0,005;0,00375;0,379;0,198;1,18;0,563;0,5;0,36;0,26;0,24;6,6;0,0433;51,1;13,2;10,7;5,83;3,03;2,41;-1,54;-5,8;57,66;34,52;30,53;10,32;-0,44;-1,59
Noorderplantsoen;Noorderplantsoen1;7;65,64;57,63;78,8;70,2;69,35;63,42;60,44;59,85;65,25;56,91;78,09;69,96;69,06;62,87;59,78;59,15;62,06;50,18;78,65;67,74;66,78;58,53;52,05;51,6;21,3;0,0;41,8;20,2;12,5;8,34;8,02;2,08;0,0;3,54;2,55;2,48;2,06;1,75;1,69;0,0338;0,0119;0,273;0,0697;0,0592;0,0289;0,0192;0,017;0,16;0,0;1,25;0,501;0,344;0,0858;0,0191;0,0107;0,0182;0,00541;0,0663;0,0431;0,0324;0,0149;0,0084;0,00741;0,428;0,169;3,8;0,739;0,604;0,381;0,273;0,255;8,33;0,589;154,0;18,9;14,7;6,62;3,25;2,57;-1,52;-8,73;55,18;36,6;30,91;14,14;-3,05;-4,17
Noorderplantsoen;Noorderplantsoen1;85;65,64;57,63;78,8;70,2;69,35;63,42;60,44;59,85;65,25;56,91;78,09;69,96;69,06;62,87;59,78;59,15;62,06;50,18;78,65;67,74;66,78;58,53;52,05;51,6;21,3;0,0;41,8;20,2;12,5;8,34;8,02;2,08;0,0;3,54;2,55;2,48;2,06;1,75;1,69;0,0338;0,0119;0,273;0,0697;0,0592;0,0289;0,0192;0,017;0,16;0,0;1,25;0,501;0,344;0,0858;0,0191;0,0107;0,0182;0,00541;0,0663;0,0431;0,0324;0,0149;0,0084;0,00741;0,428;0,169;3,8;0,739;0,604;0,381;0,273;0,255;8,33;0,589;154,0;18,9;14,7;6,62;3,25;2,57;-1,52;-8,73;55,18;36,6;30,91;14,14;-3,05;-4,17
Noorderplantsoen;Noorderplantsoen1;8;65,18;60,01;71,12;68,9;68,04;64,4;62,02;61,69;64,66;59,34;70,44;68,64;67,64;63,8;61,34;60,95;60,71;51,66;70,25;66,58;65,62;57,82;53,6;52,85;17,5;0,0;21,6;16,4;11,4;9,21;8,81;1,97;0,0;3,17;2,39;2,27;1,93;1,74;1,69;0,0341;0,0102;0,174;0,0807;0,0584;0,0272;0,0192;0,0172;0,243;0,0;1,62;0,77;0,54;0,0862;0,0102;0,00505;0,0308;0,0092;0,0735;0,0595;0,0527;0,0262;0,0148;0,0127;0,5;0,18;1,25;0,867;0,734;0,463;0,325;0,286;12,9;0,424;65,9;33,0;25,1;10,2;4,22;3,26;-1,76;-6,22;52,69;36,99;26,73;8,8;-3,21;-4,11
Noorderplantsoen;Noorderplantsoen1;10;66,08;60,82;71,25;69,21;68,44;65,67;62,9;62,01;65,61;59,89;71,05;68,88;68,05;65,15;62,26;61,33;60,33;51,92;67,72;64,45;63,25;59,65;54,53;53,68;16,8;0,0;21,7;15,8;12,2;9,23;8,75;1,76;0,0;2,93;2,16;2,07;1,75;1,51;1,45;0,0477;0,0144;0,314;0,113;0,0804;0,0368;0,0249;0,0216;0,13;0,0;1,37;0,332;0,237;0,0651;0,0109;0,00536;0,0318;0,00466;0,118;0,101;0,0766;0,0237;0,0066;0,00504;0,441;0,204;1,7;0,7;0,618;0,409;0,301;0,279;11,9;0,569;83,3;30,1;22,5;9,37;4,29;3,42;-1,58;-11,56;54,81;37,41;25,56;5,18;-9,36;-10,13
Noorderplantsoen;Noorderplantsoen1;9;66,08;60,82;71,25;69,21;68,44;65,67;62,9;62,01;65,61;59,89;71,05;68,88;68,05;65,15;62,26;61,33;60,33;51,92;67,72;64,45;63,25;59,65;54,53;53,68;16,8;0,0;21,7;15,8;12,2;9,23;8,75;1,76;0,0;2,93;2,16;2,07;1,75;1,51;1,45;0,0477;0,0144;0,314;0,113;0,0804;0,0368;0,0249;0,0216;0,13;0,0;1,37;0,332;0,237;0,0651;0,0109;0,00536;0,0318;0,00466;0,118;0,101;0,0766;0,0237;0,0066;0,00504;0,441;0,204;1,7;0,7;0,618;0,409;0,301;0,279;11,9;0,569;83,3;30,1;22,5;9,37;4,29;3,42;-1,58;-11,56;54,81;37,41;25,56;5,18;-9,36;-10,13
Noorderplantsoen;Noorderplantsoen1;11;76,11;72,94;78,92;78,12;78,02;75,39;74,12;73,83;75,91;72,74;78,76;77,95;77,85;75,18;73,92;73,61;64,3;59,5;73,59;68,89;66,92;63,15;60,41;60,25;22,7;0,0;31,9;20,9;16,6;14,2;13,8;1,7;0,0;2,41;2,14;2,06;1,69;1,34;1,31;0,0238;0,00933;0,0876;0,0396;0,0338;0,0221;0,0153;0,0141;1,27;0,0;1,74;1,65;1,62;1,24;1,0;0,886;0,0344;0,00278;0,137;0,12;0,0926;0,0206;0,00396;0,00349;0,344;0,0915;1,47;0,552;0,484;0,32;0,218;0,186;11,9;0,223;94,1;33,4;25,9;8,74;3,38;2,66;-16,14;-13,0;75,23;35,91;27,65;8,26;-10,99;-11,62
Noorderplantsoen;Noorderplantsoen1;79;76,11;72,94;78,92;78,12;78,02;75,39;74,12;73,83;75,91;72,74;78,76;77,95;77,85;75,18;73,92;73,61;64,3;59,5;73,59;68,89;66,92;63,15;60,41;60,25;22,7;0,0;31,9;20,9;16,6;14,2;13,8;1,7;0,0;2,41;2,14;2,06;1,69;1,34;1,31;0,0238;0,00933;0,0876;0,0396;0,0338;0,0221;0,0153;0,0141;1,27;0,0;1,74;1,65;1,62;1,24;1,0;0,886;0,0344;0,00278;0,137;0,12;0,0926;0,0206;0,00396;0,00349;0,344;0,0915;1,47;0,552;0,484;0,32;0,218;0,186;11,9;0,223;94,1;33,4;25,9;8,74;3,38;2,66;-16,14;-13,0;75,23;35,91;27,65;8,26;-10,99;-11,62
Noorderplantsoen;Noorderplantsoen1;13;73,53;67,56;76,64;75,34;75,05;73,94;70,04;69,07;73,13;66,38;76,38;74,98;74,69;73,65;68,33;67,91;60,15;57,45;66,48;61,77;61,34;59,92;59,0;58,62;16,4;0,0;22,1;15,7;13,8;12,3;12,0;1,66;0,0;2,8;2,17;2,07;1,64;1,4;1,36;0,0256;0,00978;0,139;0,0463;0,0384;0,0236;0,0159;0,0141;0,931;0,0;1,36;1,28;1,25;1,14;0,282;0,242;0,0127;0,00208;0,0396;0,0294;0,0242;0,0103;0,00359;0,00276;0,313;0,122;0,884;0,613;0,481;0,282;0,194;0,176;8,75;0,104;59,4;21,0;16,7;7,12;3,09;2,41;-15,73;-3,45;72,39;31,72;24,91;9,78;0,01;-0,67
Noorderplantsoen;Noorderplantsoen1;15;70,59;67,34;75,78;73,32;72,16;70,29;68,66;68,47;70,29;66,97;75,45;72,81;71,84;70,05;68,41;68,22;60,19;56,14;68,78;63,83;62,87;59,14;57,48;56,9;17,9;0,0;24,0;16,5;13,3;11,8;11,5;1,74;0,0;2,7;2,19;2,02;1,73;1,5;1,47;0,0315;0,014;0,137;0,051;0,0438;0,0294;0,0212;0,0193;0,522;0,0;1,35;0,715;0,658;0,502;0,393;0,329;0,0277;0,00673;0,0896;0,0729;0,0618;0,0237;0,0107;0,00869;0,358;0,033;1,71;0,628;0,531;0,318;0,226;0,203;9,72;0,403;80,1;25,1;18,9;7,62;3,27;2,47;-11,19;-12,27;67,8;32,55;26,14;5,95;-10,85;-11,3
Noorderplantsoen;Noorderplantsoen1;81;70,59;67,34;75,78;73,32;72,16;70,29;68,66;68,47;70,29;66,97;75,45;72,81;71,84;70,05;68,41;68,22;60,19;56,14;68,78;63,83;62,87;59,14;57,48;56,9;17,9;0,0;24,0;16,5;13,3;11,8;11,5;1,74;0,0;2,7;2,19;2,02;1,73;1,5;1,47;0,0315;0,014;0,137;0,051;0,0438;0,0294;0,0212;0,0193;0,522;0,0;1,35;0,715;0,658;0,502;0,393;0,329;0,0277;0,00673;0,0896;0,0729;0,0618;0,0237;0,0107;0,00869;0,358;0,033;1,71;0,628;0,531;0,318;0,226;0,203;9,72;0,403;80,1;25,1;18,9;7,62;3,27;2,47;-11,19;-12,27;67,8;32,55;26,14;5,95;-10,85;-11,3
Noorderplantsoen;Noorderplantsoen1;80;65,53;54,49;73,79;71,25;69,61;62,59;57,51;56,41;63,75;53,61;71,53;69,41;67,8;60,84;56,07;55,1;57,07;47,45;65,13;62,08;61,23;54,37;49,47;48,86;15,8;0,0;21,0;15,1;9,29;6,78;6,38;2,11;0,0;3,47;2,64;2,53;2,09;1,71;1,63;0,0274;0,0127;0,15;0,0444;0,0377;0,025;0,0179;0,0163;0,142;0,0;1,77;0,397;0,278;0,08;0,0161;0,0103;0,0132;0,004;0,0372;0,0316;0,0293;0,0101;0,00531;0,00471;0,489;0,237;1,34;0,86;0,736;0,428;0,308;0,293;7,74;0,363;52,0;16,7;13,8;6,54;3,2;2,58;-2,41;-10,25;56,3;33,55;25,16;10,23;-8,12;-8,58
Noorderplantsoen;Noorderplantsoen1;16;63,44;53,79;71,02;67,67;67,2;60,46;56,55;55,88;61,92;52,8;68,57;66,24;65,66;59,53;55,01;54,25;55,88;44,91;66,77;60,62;59,3;54,13;47,98;47,16;12,9;0,0;15,7;12,1;8,89;5,8;5,38;2,19;0,0;4,48;3,46;3,14;2,11;1,61;1,55;0,0269;0,0116;0,164;0,0481;0,0398;0,0242;0,0166;0,015;0,21;0,0;1,25;0,558;0,395;0,112;0,00897;0,0039;0,0246;0,00441;0,0827;0,0716;0,0608;0,0169;0,00883;0,0066;0,625;0,258;1,36;1,17;1,08;0,545;0,366;0,335;12,6;0,0781;75,1;39,5;30,6;7,88;3,24;2,5;-2,34;-12,09;55,9;30,52;27,74;6,01;-10,29;-10,93
Noorderplantsoen;Noorderplantsoen1;18;57,02;53,17;63,89;59,9;58,88;56,45;54,81;54,41;56,17;52,38;63,71;59,16;58,05;55,58;53,93;53,52;53,02;46,35;61,85;57,01;55,86;51,63;48,65;48,03;10,0;0,0;15,0;9,26;7,38;6,09;5,74;2,17;0,0;3,41;2,78;2,63;2,16;1,8;1,74;0,0219;0,0106;0,121;0,0352;0,0297;0,0203;0,0146;0,0133;0,314;0,0;2,14;1,13;0,698;0,172;0,0234;0,0111;0,0231;0,00955;0,0521;0,0439;0,0398;0,0207;0,0137;0,0123;0,495;0,241;1,22;0,839;0,756;0,45;0,327;0,31;10,6;0,0838;57,4;23,6;19,6;8,77;4,03;3,22;-1,72;-10,78;44,63;27,21;22,0;5,37;-8,8;-9,16
Noorderplantsoen;Noorderplantsoen1;17;57,02;53,17;63,89;59,9;58,88;56,45;54,81;54,41;56,17;52,38;63,71;59,16;58,05;55,58;53,93;53,52;53,02;46,35;61,85;57,01;55,86;51,63;48,65;48,03;10,0;0,0;15,0;9,26;7,38;6,09;5,74;2,17;0,0;3,41;2,78;2,63;2,16;1,8;1,74;0,0219;0,0106;0,121;0,0352;0,0297;0,0203;0,0146;0,0133;0,314;0,0;2,14;1,13;0,698;0,172;0,0234;0,0111;0,0231;0,00955;0,0521;0,0439;0,0398;0,0207;0,0137;0,0123;0,495;0,241;1,22;0,839;0,756;0,45;0,327;0,31;10,6;0,0838;57,4;23,6;19,6;8,77;4,03;3,22;-1,72;-10,78;44,63;27,21;22,0;5,37;-8,8;-9,16
Noorderplantsoen;Noorderplantsoen1;19;71,76;60,2;83,66;78,31;73,55;67,15;63,64;62,83;71,19;59,51;83,43;78,08;72,96;65,86;62,4;61,49;66,72;51,07;80,09;74,35;67,58;58,92;53,38;52,67;34,9;0,0;54,0;23,5;12,5;8,91;8,38;2,05;0,0;4,3;3,37;2,79;1,95;1,56;1,52;0,0805;0,0128;0,417;0,24;0,183;0,0469;0,0238;0,0215;0,323;0,0;1,51;0,907;0,732;0,21;0,0374;0,0227;0,0127;0,00256;0,0563;0,0482;0,0349;0,00733;0,00378;0,00314;0,345;0,144;0,688;0,495;0,457;0,336;0,23;0,213;6,75;0,0;53,1;17,0;12,3;5,26;2,52;1,96;-2,45;-2,47;64,16;39,29;36,21;18,96;1,34;0,54
Noorderplantsoen;Noorderplantsoen1;20;64,41;58,76;68,76;67,24;66,59;64,0;61,33;60,37;63,54;58,03;67,85;66,08;65,59;63,22;60,5;59,45;53,96;47,84;64,12;59,99;57,0;51,2;49,17;48,8;11,3;0,0;15,5;10,3;8,02;6,93;6,7;1,61;0,0;2,55;2,08;1,94;1,59;1,35;1,3;0,0272;0,0115;0,127;0,052;0,0396;0,0234;0,017;0,0157;0,315;0,0;1,1;0,554;0,51;0,315;0,0845;0,0518;0,0189;0,00514;0,0494;0,0405;0,0328;0,0168;0,00787;0,00671;0,412;0,169;1,16;0,75;0,618;0,381;0,244;0,222;7,98;0,0678;61,0;19,3;15,6;6,35;2,73;1,99;-8,03;-11,99;60,7;29,95;19,8;2,89;-10,55;-10,98
Noorderplantsoen;Noorderplantsoen1;22;64,41;58,76;68,76;67,24;66,59;64,0;61,33;60,37;63,54;58,03;67,85;66,08;65,59;63,22;60,5;59,45;53,96;47,84;64,12;59,99;57,0;51,2;49,17;48,8;11,3;0,0;15,5;10,3;8,02;6,93;6,7;1,61;0,0;2,55;2,08;1,94;1,59;1,35;1,3;0,0272;0,0115;0,127;0,052;0,0396;0,0234;0,017;0,0157;0,315;0,0;1,1;0,554;0,51;0,315;0,0845;0,0518;0,0189;0,00514;0,0494;0,0405;0,0328;0,0168;0,00787;0,00671;0,412;0,169;1,16;0,75;0,618;0,381;0,244;0,222;7,98;0,0678;61,0;19,3;15,6;6,35;2,73;1,99;-8,03;-11,99;60,7;29,95;19,8;2,89;-10,55;-10,98
Noorderplantsoen;Noorderplantsoen1;21;64,41;58,76;68,76;67,24;66,59;64,0;61,33;60,37;63,54;58,03;67,85;66,08;65,59;63,22;60,5;59,45;53,96;47,84;64,12;59,99;57,0;51,2;49,17;48,8;11,3;0,0;15,5;10,3;8,02;6,93;6,7;1,61;0,0;2,55;2,08;1,94;1,59;1,35;1,3;0,0272;0,0115;0,127;0,052;0,0396;0,0234;0,017;0,0157;0,315;0,0;1,1;0,554;0,51;0,315;0,0845;0,0518;0,0189;0,00514;0,0494;0,0405;0,0328;0,0168;0,00787;0,00671;0,412;0,169;1,16;0,75;0,618;0,381;0,244;0,222;7,98;0,0678;61,0;19,3;15,6;6,35;2,73;1,99;-8,03;-11,99;60,7;29,95;19,8;2,89;-10,55;-10,98
Noorderplantsoen;Noorderplantsoen1;26;64,05;56,73;74,89;67,97;66,52;62,9;59,03;58,41;61,8;55,68;71,0;65,92;64,48;60,73;57,46;56,62;55,8;47,43;69,37;60,95;58,25;52,62;49,28;48,86;12,4;0,0;19,6;10,7;8,14;6,56;6,32;1,88;0,0;3,28;2,59;2,26;1,81;1,57;1,52;0,0247;0,0112;0,0847;0,0389;0,0345;0,0228;0,0167;0,0154;0,176;0,0;1,37;0,574;0,351;0,065;0,00836;0,00425;0,0313;0,00746;0,151;0,11;0,0684;0,0264;0,0103;0,00881;0,465;0,18;1,2;0,783;0,702;0,425;0,297;0,266;11,6;0,227;74,5;29,4;23,0;9,18;3,35;2,5;-2,9;-12,86;55,97;29,32;22,31;4,99;-10,01;-10,63
Noorderplantsoen;Noorderplantsoen1;27;64,05;56,73;74,89;67,97;66,52;62,9;59,03;58,41;61,8;55,68;71,0;65,92;64,48;60,73;57,46;56,62;55,8;47,43;69,37;60,95;58,25;52,62;49,28;48,86;12,4;0,0;19,6;10,7;8,14;6,56;6,32;1,88;0,0;3,28;2,59;2,26;1,81;1,57;1,52;0,0247;0,0112;0,0847;0,0389;0,0345;0,0228;0,0167;0,0154;0,176;0,0;1,37;0,574;0,351;0,065;0,00836;0,00425;0,0313;0,00746;0,151;0,11;0,0684;0,0264;0,0103;0,00881;0,465;0,18;1,2;0,783;0,702;0,425;0,297;0,266;11,6;0,227;74,5;29,4;23,0;9,18;3,35;2,5;-2,9;-12,86;55,97;29,32;22,31;4,99;-10,01;-10,63
Noorderplantsoen;Noorderplantsoen1;28;62,17;56,92;74,25;66,73;64,45;60,43;58,51;58,17;60,2;54,93;72,26;63,89;61,98;58,95;57,0;56,58;53,51;48,19;61,16;57,01;56,09;52,62;50,03;49,57;10,8;0,0;13,8;10,1;7,89;6,6;6,33;1,93;0,0;3,26;2,38;2,25;1,9;1,63;1,58;0,027;0,0116;0,112;0,0518;0,0389;0,0238;0,0172;0,0156;0,125;0,0;0,944;0,345;0,229;0,051;0,00827;0,00422;0,0305;0,00834;0,0675;0,0596;0,0495;0,0285;0,014;0,0126;0,572;0,275;1,34;0,983;0,845;0,531;0,373;0,35;11,7;0,398;58,6;26,4;21,6;9,91;4,48;3,45;-2,48;-10,75;53,35;27,27;21,47;6,38;-8,87;-9,45
Noorderplantsoen;Noorderplantsoen1;78;62,17;56,92;74,25;66,73;64,45;60,43;58,51;58,17;60,2;54,93;72,26;63,89;61,98;58,95;57,0;56,58;53,51;48,19;61,16;57,01;56,09;52,62;50,03;49,57;10,8;0,0;13,8;10,1;7,89;6,6;6,33;1,93;0,0;3,26;2,38;2,25;1,9;1,63;1,58;0,027;0,0116;0,112;0,0518;0,0389;0,0238;0,0172;0,0156;0,125;0,0;0,944;0,345;0,229;0,051;0,00827;0,00422;0,0305;0,00834;0,0675;0,0596;0,0495;0,0285;0,014;0,0126;0,572;0,275;1,34;0,983;0,845;0,531;0,373;0,35;11,7;0,398;58,6;26,4;21,6;9,91;4,48;3,45;-2,48;-10,75;53,35;27,27;21,47;6,38;-8,87;-9,45
Noorderplantsoen;Noorderplantsoen1;30;64,58;56,39;76,37;70,98;68,98;61,04;57,94;57,58;62,75;55,29;73,69;69,09;66,65;59,49;56,81;56,51;55,41;47,39;67,83;61,47;58,82;53,01;49,77;49,07;14,1;0,0;26,1;12,0;8,46;7,05;6,69;1,98;0,0;3,63;2,85;2,51;1,91;1,61;1,56;0,0249;0,0111;0,069;0,0423;0,0365;0,023;0,016;0,0149;0,103;0,0;0,919;0,33;0,181;0,0369;0,00618;0,00287;0,0161;0,00494;0,0382;0,0289;0,0262;0,0149;0,00664;0,00556;0,508;0,177;2,09;0,995;0,818;0,438;0,312;0,292;8,3;0,32;87,6;19,5;14,9;6,75;3,07;2,44;-1,41;-8,55;57,41;31,71;23,46;11,13;-5,03;-6,04
Noorderplantsoen;Noorderplantsoen1;31;64,58;56,39;76,37;70,98;68,98;61,04;57,94;57,58;62,75;55,29;73,69;69,09;66,65;59,49;56,81;56,51;55,41;47,39;67,83;61,47;58,82;53,01;49,77;49,07;14,1;0,0;26,1;12,0;8,46;7,05;6,69;1,98;0,0;3,63;2,85;2,51;1,91;1,61;1,56;0,0249;0,0111;0,069;0,0423;0,0365;0,023;0,016;0,0149;0,103;0,0;0,919;0,33;0,181;0,0369;0,00618;0,00287;0,0161;0,00494;0,0382;0,0289;0,0262;0,0149;0,00664;0,00556;0,508;0,177;2,09;0,995;0,818;0,438;0,312;0,292;8,3;0,32;87,6;19,5;14,9;6,75;3,07;2,44;-1,41;-8,55;57,41;31,71;23,46;11,13;-5,03;-6,04
Noorderplantsoen;Noorderplantsoen1;32;67,39;58,59;78,23;73,04;69,82;64,42;60,94;60,07;66,94;57,63;77,99;72,83;69,52;63,59;60,19;59,2;62,84;49,29;75,21;69,52;65,76;58,09;52,98;51,93;24,3;0,0;39,4;18,2;11,1;8,42;7,94;2,08;0,0;3,96;2,84;2,55;2,01;1,68;1,6;0,0331;0,0133;0,189;0,0633;0,0507;0,0286;0,0194;0,0174;0,222;0,0;1,73;0,678;0,566;0,0828;0,0113;0,0048;0,0485;0,00816;0,117;0,109;0,0923;0,0443;0,0158;0,013;0,517;0,104;1,41;1,06;0,872;0,465;0,253;0,195;14,3;0,712;97,5;35,3;27,7;11,4;4,86;3,8;-3,45;-4,26;59,9;36,52;29,34;17,66;1,28;-0,72
Noorderplantsoen;Noorderplantsoen1;77;67,39;58,59;78,23;73,04;69,82;64,42;60,94;60,07;66,94;57,63;77,99;72,83;69,52;63,59;60,19;59,2;62,84;49,29;75,21;69,52;65,76;58,09;52,98;51,93;24,3;0,0;39,4;18,2;11,1;8,42;7,94;2,08;0,0;3,96;2,84;2,55;2,01;1,68;1,6;0,0331;0,0133;0,189;0,0633;0,0507;0,0286;0,0194;0,0174;0,222;0,0;1,73;0,678;0,566;0,0828;0,0113;0,0048;0,0485;0,00816;0,117;0,109;0,0923;0,0443;0,0158;0,013;0,517;0,104;1,41;1,06;0,872;0,465;0,253;0,195;14,3;0,712;97,5;35,3;27,7;11,4;4,86;3,8;-3,45;-4,26;59,9;36,52;29,34;17,66;1,28;-0,72
Noorderplantsoen;Noorderplantsoen1;33;68,34;60,67;77,08;75,76;72,09;65,41;61,87;61,57;67,83;60,06;76,99;75,68;71,85;64,49;61,24;60,86;63,47;55,26;74,3;71,96;67,34;58,06;56,21;55,9;28,1;0,0;36,6;22,3;12,4;10,9;10,7;2,16;0,0;3,53;2,66;2,38;2,12;1,92;1,87;0,0461;0,0146;0,364;0,188;0,113;0,0286;0,0215;0,02;0,189;0,0;1,07;0,486;0,415;0,106;0,0195;0,00918;0,01;0,00437;0,0222;0,0183;0,0159;0,00934;0,00622;0,00509;0,346;0,195;0,623;0,493;0,432;0,343;0,263;0,245;6,99;0,29;40,9;13,6;11,4;6,31;3,23;2,56;-1,66;-7,16;58,5;36,73;32,54;11,44;-3,71;-4,37
Noorderplantsoen;Noorderplantsoen1;34;70,2;57,52;80,16;77,45;74,17;65,12;60,12;59,64;69,86;56,78;79,96;77,14;73,96;64,25;59,2;58,79;65,68;50,47;75,99;73,35;70,1;60,02;53,12;52,12;32,1;0,0;41,4;24,9;13,4;8,86;8,44;2,17;0,0;3,67;3,13;2,66;2,09;1,84;1,79;0,0432;0,0115;0,275;0,127;0,0863;0,0313;0,0198;0,0175;0,187;0,0;1,46;0,533;0,384;0,0797;0,0123;0,00618;0,0207;0,00524;0,12;0,0722;0,0395;0,0153;0,00639;0,00587;0,46;0,2;1,44;0,887;0,71;0,393;0,299;0,288;9,83;0,539;78,6;26,3;18,7;7,35;3,61;2,9;-2,12;-0,88;61,19;39,0;34,68;16,88;2,21;1,42
Noorderplantsoen;Noorderplantsoen1;35;70,2;57,52;80,16;77,45;74,17;65,12;60,12;59,64;69,86;56,78;79,96;77,14;73,96;64,25;59,2;58,79;65,68;50,47;75,99;73,35;70,1;60,02;53,12;52,12;32,1;0,0;41,4;24,9;13,4;8,86;8,44;2,17;0,0;3,67;3,13;2,66;2,09;1,84;1,79;0,0432;0,0115;0,275;0,127;0,0863;0,0313;0,0198;0,0175;0,187;0,0;1,46;0,533;0,384;0,0797;0,0123;0,00618;0,0207;0,00524;0,12;0,0722;0,0395;0,0153;0,00639;0,00587;0,46;0,2;1,44;0,887;0,71;0,393;0,299;0,288;9,83;0,539;78,6;26,3;18,7;7,35;3,61;2,9;-2,12;-0,88;61,19;39,0;34,68;16,88;2,21;1,42
Noorderplantsoen;Noorderplantsoen1;36;69,44;60,35;80,43;75,3;72,48;66,2;63,02;62,4;68,99;59,9;80,2;75,02;71,98;65,48;62,43;61,76;63,49;54,97;76,66;69,05;65,14;60,43;56,88;56,28;26,1;0,0;43,5;20,1;13,6;11,2;10,7;2,04;0,0;3,38;2,61;2,38;1,99;1,76;1,71;0,0744;0,0147;0,5;0,211;0,169;0,0386;0,0253;0,0227;0,151;0,0;1,37;0,36;0,268;0,103;0,0157;0,00717;0,0129;0,00331;0,035;0,0306;0,0236;0,0111;0,00472;0,00417;0,487;0,233;1,06;0,794;0,717;0,444;0,339;0,316;8,49;0,398;37,0;18,1;14,4;7,45;3,61;2,86;-1,93;-3,37;58,67;38,09;31,14;13,89;0,51;-0,81
Noorderplantsoen;Noorderplantsoen1;76;69,44;60,35;80,43;75,3;72,48;66,2;63,02;62,4;68,99;59,9;80,2;75,02;71,98;65,48;62,43;61,76;63,49;54,97;76,66;69,05;65,14;60,43;56,88;56,28;26,1;0,0;43,5;20,1;13,6;11,2;10,7;2,04;0,0;3,38;2,61;2,38;1,99;1,76;1,71;0,0744;0,0147;0,5;0,211;0,169;0,0386;0,0253;0,0227;0,151;0,0;1,37;0,36;0,268;0,103;0,0157;0,00717;0,0129;0,00331;0,035;0,0306;0,0236;0,0111;0,00472;0,00417;0,487;0,233;1,06;0,794;0,717;0,444;0,339;0,316;8,49;0,398;37,0;18,1;14,4;7,45;3,61;2,86;-1,93;-3,37;58,67;38,09;31,14;13,89;0,51;-0,81
Noorderplantsoen;Noorderplantsoen1;37;61,66;57,21;73,27;66,9;64,01;60,53;58,44;58,17;60,3;56,54;69,78;65,59;62,48;59,26;57,65;57,39;53,08;47,99;63,68;56,39;55,34;51,99;49,52;49,22;10,8;0,0;14,1;10,2;8,08;6,81;6,62;1,99;0,0;2,84;2,4;2,32;1,99;1,67;1,61;0,0244;0,0118;0,131;0,039;0,033;0,0221;0,0168;0,0158;0,107;0,0;0,916;0,274;0,196;0,0332;0,00613;0,00306;0,0232;0,00597;0,0944;0,0637;0,0478;0,0153;0,00975;0,00844;0,452;0,229;1,27;0,659;0,596;0,437;0,338;0,319;8,79;0,286;57,7;19,3;15,8;7,38;3,47;2,77;-2,79;-9,75;52,51;27,71;21,46;6,4;-7,74;-8,26
Noorderplantsoen;Noorderplantsoen1;38;61,66;57,21;73,27;66,9;64,01;60,53;58,44;58,17;60,3;56,54;69,78;65,59;62,48;59,26;57,65;57,39;53,08;47,99;63,68;56,39;55,34;51,99;49,52;49,22;10,8;0,0;14,1;10,2;8,08;6,81;6,62;1,99;0,0;2,84;2,4;2,32;1,99;1,67;1,61;0,0244;0,0118;0,131;0,039;0,033;0,0221;0,0168;0,0158;0,107;0,0;0,916;0,274;0,196;0,0332;0,00613;0,00306;0,0232;0,00597;0,0944;0,0637;0,0478;0,0153;0,00975;0,00844;0,452;0,229;1,27;0,659;0,596;0,437;0,338;0,319;8,79;0,286;57,7;19,3;15,8;7,38;3,47;2,77;-2,79;-9,75;52,51;27,71;21,46;6,4;-7,74;-8,26
Noorderplantsoen;Noorderplantsoen1;39;63,58;58,85;71,24;67,33;66,22;62,51;60,56;60,24;62,53;58,19;70,73;66,35;64,95;61,51;59,62;59,31;57,56;50,28;66,03;62,65;60,99;55,5;52,49;51,88;16,7;0,0;23,6;14,5;10,3;8,33;8,0;2,2;0,0;3,51;2,92;2,77;2,12;1,85;1,78;0,0247;0,0111;0,0648;0,0379;0,0331;0,0236;0,0176;0,0162;0,769;0,0;2,31;1,86;1,57;0,388;0,0101;0,00562;0,0319;0,00649;0,136;0,105;0,0682;0,0239;0,0107;0,00872;0,522;0,252;1,09;0,862;0,763;0,481;0,338;0,317;9,74;0,398;49,1;24,8;18,4;7,79;3,79;3,05;-1,37;-7,2;51,74;31,14;26,69;11,75;-5,17;-5,62
Noorderplantsoen;Noorderplantsoen1;40;63,58;58,85;71,24;67,33;66,22;62,51;60,56;60,24;62,53;58,19;70,73;66,35;64,95;61,51;59,62;59,31;57,56;50,28;66,03;62,65;60,99;55,5;52,49;51,88;16,7;0,0;23,6;14,5;10,3;8,33;8,0;2,2;0,0;3,51;2,92;2,77;2,12;1,85;1,78;0,0247;0,0111;0,0648;0,0379;0,0331;0,0236;0,0176;0,0162;0,769;0,0;2,31;1,86;1,57;0,388;0,0101;0,00562;0,0319;0,00649;0,136;0,105;0,0682;0,0239;0,0107;0,00872;0,522;0,252;1,09;0,862;0,763;0,481;0,338;0,317;9,74;0,398;49,1;24,8;18,4;7,79;3,79;3,05;-1,37;-7,2;51,74;31,14;26,69;11,75;-5,17;-5,62
Noorderplantsoen;Noorderplantsoen1;74;75,3;71,26;77,84;77,3;77,07;75,26;72,88;72,27;74,53;70,19;77,01;76,51;76,29;74,51;72,14;71,53;55,94;52,73;60,51;58,04;57,61;55,58;54,12;53,64;13,9;0,0;17,1;13,2;11,3;10,2;9,79;1,59;0,0;2,7;2,12;2,0;1,54;1,27;1,23;0,0272;0,0104;0,0956;0,0547;0,043;0,0236;0,0157;0,0141;0,877;0,0;1,32;1,24;1,21;1,0;0,459;0,41;0,0111;0,00326;0,0245;0,0199;0,0174;0,0117;0,00391;0,00364;0,443;0,21;1,57;0,887;0,706;0,379;0,257;0,24;8,82;0,0;55,8;23,0;18,5;6,5;2,59;1,93;-10,21;-7,67;74,14;27,44;23,86;7,16;-3,37;-4,6
Noorderplantsoen;Noorderplantsoen1;75;75,3;71,26;77,84;77,3;77,07;75,26;72,88;72,27;74,53;70,19;77,01;76,51;76,29;74,51;72,14;71,53;55,94;52,73;60,51;58,04;57,61;55,58;54,12;53,64;13,9;0,0;17,1;13,2;11,3;10,2;9,79;1,59;0,0;2,7;2,12;2,0;1,54;1,27;1,23;0,0272;0,0104;0,0956;0,0547;0,043;0,0236;0,0157;0,0141;0,877;0,0;1,32;1,24;1,21;1,0;0,459;0,41;0,0111;0,00326;0,0245;0,0199;0,0174;0,0117;0,00391;0,00364;0,443;0,21;1,57;0,887;0,706;0,379;0,257;0,24;8,82;0,0;55,8;23,0;18,5;6,5;2,59;1,93;-10,21;-7,67;74,14;27,44;23,86;7,16;-3,37;-4,6
Noorderplantsoen;Noorderplantsoen1;41;68,31;59,55;77,72;74,13;72,07;66,02;62,14;61,17;67,35;58,23;74,45;73,46;71,27;65,02;60,74;59,73;62,37;52,18;71,01;68,18;66,42;60,24;55,99;54,29;24,7;0,0;27,8;21,1;13,2;10,3;9,49;2,13;0,0;3,47;2,82;2,7;2,01;1,81;1,78;0,0512;0,0152;0,241;0,152;0,123;0,0336;0,022;0,0196;0,181;0,0;1,92;0,464;0,367;0,0952;0,0167;0,0102;0,0142;0,00224;0,0671;0,0384;0,0338;0,00991;0,00454;0,00309;0,37;0,192;0,884;0,647;0,546;0,352;0,249;0,237;8,14;0,284;58,0;19,8;15,3;6,43;3,11;2,43;-2,37;-4,36;59,06;37,11;30,99;12,96;-1,04;-1,76
Noorderplantsoen;Noorderplantsoen1;91;62,68;57,35;71,94;66,98;64,84;61,17;59,44;59,07;61,74;56,46;71,79;65,67;63,48;60,35;58,54;58,15;56,33;50,65;67,05;61,39;58,72;54,45;51,69;51,32;13,4;0,0;21,8;12,4;9,56;8,02;7,71;2,02;0,0;3,14;2,51;2,4;1,99;1,76;1,7;0,0255;0,0134;0,116;0,0412;0,0337;0,0232;0,0173;0,0161;0,151;0,0;0,989;0,399;0,327;0,0787;0,0158;0,00967;0,0181;0,0049;0,0809;0,0499;0,0342;0,0161;0,00653;0,00592;0,464;0,163;1,17;0,758;0,671;0,444;0,32;0,292;9,26;0,6;65,7;20,2;16,4;7,9;3,76;2,99;-2,23;-9,25;51,46;31,17;25,21;7,77;-6,58;-7,26
Noorderplantsoen;Noorderplantsoen1;42;62,41;56,28;69,55;65,68;64,64;61,77;58,72;58,0;61,82;55,74;69,51;65,41;64,19;61,1;57,72;57,18;57,54;49,35;66,87;61,39;60,03;56,67;51,6;50,79;14,9;0,0;19,3;13,7;10,7;8,03;7,46;2,15;0,0;3,56;2,65;2,52;2,11;1,84;1,78;0,0314;0,0113;0,126;0,0738;0,0517;0,0262;0,0179;0,0158;0,13;0,0;0,936;0,313;0,246;0,0853;0,015;0,00754;0,0139;0,00396;0,0498;0,033;0,0257;0,0117;0,00568;0,00446;0,493;0,228;1,43;0,85;0,74;0,439;0,322;0,3;8,93;0,284;61,7;24,7;17,2;6,82;3,19;2,47;-1,81;-9,82;50,0;31,39;25,91;8,98;-7,35;-7,89
Noorderplantsoen;Noorderplantsoen1;43;73,64;58,51;84,68;81,02;79,46;66,1;61,83;60,42;73,01;57,17;83,97;80,68;78,71;65,34;60,78;59,08;68,25;49,94;78,58;76,0;74,94;60,11;54,37;51,01;39,7;0,0;49,9;34,8;14,1;9,24;7,77;2,27;0,0;3,78;3,35;2,83;2,19;1,82;1,71;0,0317;0,0127;0,0992;0,0514;0,0457;0,0293;0,0197;0,0174;0,178;0,0;1,75;0,569;0,349;0,046;0,00726;0,00337;0,0145;0,00399;0,0597;0,0521;0,0434;0,00958;0,00546;0,00468;0,438;0,227;1,23;0,687;0,593;0,41;0,312;0,277;8,49;0,267;53,5;19,9;15,4;6,86;3,26;2,54;-6,11;-2,96;63,86;43,39;37,45;17,91;-0,24;-1,01
Noorderplantsoen;Noorderplantsoen1;44;73,64;58,51;84,68;81,02;79,46;66,1;61,83;60,42;73,01;57,17;83,97;80,68;78,71;65,34;60,78;59,08;68,25;49,94;78,58;76,0;74,94;60,11;54,37;51,01;39,7;0,0;49,9;34,8;14,1;9,24;7,77;2,27;0,0;3,78;3,35;2,83;2,19;1,82;1,71;0,0317;0,0127;0,0992;0,0514;0,0457;0,0293;0,0197;0,0174;0,178;0,0;1,75;0,569;0,349;0,046;0,00726;0,00337;0,0145;0,00399;0,0597;0,0521;0,0434;0,00958;0,00546;0,00468;0,438;0,227;1,23;0,687;0,593;0,41;0,312;0,277;8,49;0,267;53,5;19,9;15,4;6,86;3,26;2,54;-6,11;-2,96;63,86;43,39;37,45;17,91;-0,24;-1,01
Noorderplantsoen;Noorderplantsoen1;45;71,19;57,97;78,73;76,93;76,1;67,06;61,41;60,78;70,83;57,17;78,64;76,75;75,95;65,36;60,57;60,1;68,44;53,75;76,59;74,85;73,39;60,85;56,24;55,76;34,3;0,0;39,8;31,9;13,2;9,91;9,21;2,21;0,0;3,51;3,17;3,02;2,08;1,69;1,65;0,111;0,0181;0,451;0,326;0,259;0,0808;0,0352;0,0308;0,388;0,0;1,54;0,935;0,761;0,321;0,0961;0,0652;0,0158;0,00427;0,0587;0,0432;0,0278;0,0131;0,0057;0,00478;0,36;0,0944;1,26;0,752;0,568;0,314;0,178;0,137;7,97;0,509;66,8;19,5;14,7;6,44;3,11;2,52;-0,6;-1,71;56,99;41,59;36,26;18,96;2,11;1,18
Noorderplantsoen;Noorderplantsoen1;46;71,19;57,97;78,73;76,93;76,1;67,06;61,41;60,78;70,83;57,17;78,64;76,75;75,95;65,36;60,57;60,1;68,44;53,75;76,59;74,85;73,39;60,85;56,24;55,76;34,3;0,0;39,8;31,9;13,2;9,91;9,21;2,21;0,0;3,51;3,17;3,02;2,08;1,69;1,65;0,111;0,0181;0,451;0,326;0,259;0,0808;0,0352;0,0308;0,388;0,0;1,54;0,935;0,761;0,321;0,0961;0,0652;0,0158;0,00427;0,0587;0,0432;0,0278;0,0131;0,0057;0,00478;0,36;0,0944;1,26;0,752;0,568;0,314;0,178;0,137;7,97;0,509;66,8;19,5;14,7;6,44;3,11;2,52;-0,6;-1,71;56,99;41,59;36,26;18,96;2,11;1,18
Noorderplantsoen;Noorderplantsoen1;47;62,57;55,63;69,33;67,62;67,1;59,61;57,45;56,94;62,01;54,67;68,17;67,26;66,64;58,56;56,58;56,02;57,88;49,61;65,13;63,97;63,14;54,07;51,61;51,1;17,7;0,0;19,5;16,9;9,06;7,79;7,39;2,08;0,0;3,15;2,78;2,68;2,01;1,74;1,7;0,0328;0,0129;0,125;0,0772;0,0556;0,0258;0,0174;0,0163;0,218;0,0;0,833;0,519;0,45;0,163;0,0312;0,0209;0,00952;0,00288;0,0236;0,0213;0,0196;0,00588;0,00323;0,00313;0,499;0,174;1,13;0,953;0,892;0,442;0,239;0,204;6,81;0,208;41,9;15,5;12,5;5,68;2,86;2,23;-3,05;-12,14;53,03;33,43;24,98;9,69;-6,59;-8,56
Noorderplantsoen;Noorderplantsoen1;48;60,3;53,31;75,86;65,05;63,41;57,96;55,96;55,34;59,43;52,58;75,07;64,15;62,2;57,05;54,94;54,28;56,31;46,81;75,45;60,88;58,43;51,88;48,18;47,69;10,8;0,0;35,9;9,91;7,21;5,92;5,73;1,98;0,0;4,13;2,42;2,3;1,96;1,65;1,59;0,0271;0,0104;0,365;0,0535;0,0359;0,0218;0,0158;0,0144;0,188;0,0;1,3;0,574;0,374;0,0792;0,0106;0,00568;0,038;0,0118;0,108;0,0883;0,0699;0,0325;0,0169;0,0145;0,56;0,195;4,63;1,09;0,741;0,482;0,351;0,315;12,8;0,676;184,0;30,1;23,9;10,1;4,1;3,16;-1,02;-10,21;48,45;29,62;25,51;11,11;-5,11;-7,21
Noorderplantsoen;Noorderplantsoen1;67;64,29;53,35;72,94;71,15;68,55;60,67;56,93;56,38;64,03;52,48;72,71;70,92;68,4;60,14;56,29;55,68;62,07;47,93;71,51;69,29;67,44;56,14;50,99;50,3;23,6;0,0;28,8;19,9;9,84;6,96;6,58;2,09;0,0;3,5;2,74;2,58;2,09;1,66;1,58;0,0466;0,0113;0,24;0,132;0,1;0,0305;0,0177;0,0162;0,222;0,0;1,08;0,638;0,498;0,146;0,0324;0,0211;0,0216;0,00702;0,0509;0,0428;0,0405;0,0185;0,00874;0,00805;0,43;0,128;0,894;0,714;0,65;0,413;0,244;0,206;10,9;0,386;48,6;24,5;19,7;9,23;4,37;3,38;-0,77;-9,68;50,26;36,5;32,01;10,66;-6,6;-7,37
Noorderplantsoen;Noorderplantsoen1;71;64,29;53,35;72,94;71,15;68,55;60,67;56,93;56,38;64,03;52,48;72,71;70,92;68,4;60,14;56,29;55,68;62,07;47,93;71,51;69,29;67,44;56,14;50,99;50,3;23,6;0,0;28,8;19,9;9,84;6,96;6,58;2,09;0,0;3,5;2,74;2,58;2,09;1,66;1,58;0,0466;0,0113;0,24;0,132;0,1;0,0305;0,0177;0,0162;0,222;0,0;1,08;0,638;0,498;0,146;0,0324;0,0211;0,0216;0,00702;0,0509;0,0428;0,0405;0,0185;0,00874;0,00805;0,43;0,128;0,894;0,714;0,65;0,413;0,244;0,206;10,9;0,386;48,6;24,5;19,7;9,23;4,37;3,38;-0,77;-9,68;50,26;36,5;32,01;10,66;-6,6;-7,37
Noorderplantsoen;Noorderplantsoen1;72;64,29;53,35;72,94;71,15;68,55;60,67;56,93;56,38;64,03;52,48;72,71;70,92;68,4;60,14;56,29;55,68;62,07;47,93;71,51;69,29;67,44;56,14;50,99;50,3;23,6;0,0;28,8;19,9;9,84;6,96;6,58;2,09;0,0;3,5;2,74;2,58;2,09;1,66;1,58;0,0466;0,0113;0,24;0,132;0,1;0,0305;0,0177;0,0162;0,222;0,0;1,08;0,638;0,498;0,146;0,0324;0,0211;0,0216;0,00702;0,0509;0,0428;0,0405;0,0185;0,00874;0,00805;0,43;0,128;0,894;0,714;0,65;0,413;0,244;0,206;10,9;0,386;48,6;24,5;19,7;9,23;4,37;3,38;-0,77;-9,68;50,26;36,5;32,01;10,66;-6,6;-7,37
Noorderplantsoen;Noorderplantsoen1;49;62,16;55,23;70,02;67,16;66,11;60,4;57,13;56,77;61,63;54,47;69,88;66,82;65,58;59,8;56,19;55,82;56,96;48,06;65,93;61,59;60,64;55,85;50,47;49,51;15,9;0,0;19,8;14,9;9,04;6,9;6,65;1,86;0,0;2,66;2,31;2,23;1,84;1,61;1,54;0,0346;0,0118;0,141;0,0646;0,0553;0,032;0,0193;0,0173;0,0807;0,0;0,428;0,175;0,141;0,0386;0,00629;0,00245;0,00693;0,00307;0,0179;0,0173;0,0152;0,00648;0,00335;0,00315;0,402;0,243;0,663;0,55;0,514;0,406;0,321;0,289;6,26;0,417;27,2;13,5;11,0;5,38;2,82;2,18;-2,29;-13,96;51,54;31,72;25,17;4,7;-11,32;-12,03
Noorderplantsoen;Noorderplantsoen1;51;57,98;54,17;64,15;61,17;60,08;56,95;55,63;55,0;55,76;53,09;60,21;57,6;57,19;55,33;54,38;53,79;49,58;46,96;55,21;51,94;51,03;49,2;47,83;47,57;7,82;0,0;11,0;7,44;6,51;5,84;5,68;1,97;0,0;2,82;2,48;2,32;1,93;1,69;1,62;0,0219;0,0118;0,0384;0,0319;0,0292;0,0215;0,0157;0,0144;0,138;0,0;0,945;0,389;0,176;0,0278;0,00239;0,000591;0,0121;0,00883;0,0172;0,0167;0,0152;0,012;0,00953;0,00901;0,475;0,305;0,931;0,667;0,614;0,452;0,348;0,334;7,07;0,51;40,2;16,2;13,0;6,09;2,78;2,1;-2,06;-13,86;50,31;24,69;18,52;4,5;-10,78;-11,79
Noorderplantsoen;Noorderplantsoen1;50;57,98;54,17;64,15;61,17;60,08;56,95;55,63;55,0;55,76;53,09;60,21;57,6;57,19;55,33;54,38;53,79;49,58;46,96;55,21;51,94;51,03;49,2;47,83;47,57;7,82;0,0;11,0;7,44;6,51;5,84;5,68;1,97;0,0;2,82;2,48;2,32;1,93;1,69;1,62;0,0219;0,0118;0,0384;0,0319;0,0292;0,0215;0,0157;0,0144;0,138;0,0;0,945;0,389;0,176;0,0278;0,00239;0,000591;0,0121;0,00883;0,0172;0,0167;0,0152;0,012;0,00953;0,00901;0,475;0,305;0,931;0,667;0,614;0,452;0,348;0,334;7,07;0,51;40,2;16,2;13,0;6,09;2,78;2,1;-2,06;-13,86;50,31;24,69;18,52;4,5;-10,78;-11,79
Noorderplantsoen;Noorderplantsoen1;53;57,98;54,17;64,15;61,17;60,08;56,95;55,63;55,0;55,76;53,09;60,21;57,6;57,19;55,33;54,38;53,79;49,58;46,96;55,21;51,94;51,03;49,2;47,83;47,57;7,82;0,0;11,0;7,44;6,51;5,84;5,68;1,97;0,0;2,82;2,48;2,32;1,93;1,69;1,62;0,0219;0,0118;0,0384;0,0319;0,0292;0,0215;0,0157;0,0144;0,138;0,0;0,945;0,389;0,176;0,0278;0,00239;0,000591;0,0121;0,00883;0,0172;0,0167;0,0152;0,012;0,00953;0,00901;0,475;0,305;0,931;0,667;0,614;0,452;0,348;0,334;7,07;0,51;40,2;16,2;13,0;6,09;2,78;2,1;-2,06;-13,86;50,31;24,69;18,52;4,5;-10,78;-11,79
Noorderplantsoen;Noorderplantsoen1;52;57,98;54,17;64,15;61,17;60,08;56,95;55,63;55,0;55,76;53,09;60,21;57,6;57,19;55,33;54,38;53,79;49,58;46,96;55,21;51,94;51,03;49,2;47,83;47,57;7,82;0,0;11,0;7,44;6,51;5,84;5,68;1,97;0,0;2,82;2,48;2,32;1,93;1,69;1,62;0,0219;0,0118;0,0384;0,0319;0,0292;0,0215;0,0157;0,0144;0,138;0,0;0,945;0,389;0,176;0,0278;0,00239;0,000591;0,0121;0,00883;0,0172;0,0167;0,0152;0,012;0,00953;0,00901;0,475;0,305;0,931;0,667;0,614;0,452;0,348;0,334;7,07;0,51;40,2;16,2;13,0;6,09;2,78;2,1;-2,06;-13,86;50,31;24,69;18,52;4,5;-10,78;-11,79
Noorderplantsoen;Noorderplantsoen1;54;66,52;58,3;74,92;71,88;70,65;64,37;59,83;59,38;63,35;56,8;71,54;68,16;66,9;61,8;58,12;57,72;52,01;47,85;60,87;55,65;54,1;50,86;49,23;48,86;9,92;0,0;15,1;9,19;7,47;6,62;6,42;1,74;0,0;3,14;2,16;2,06;1,69;1,48;1,43;0,0254;0,0132;0,075;0,0412;0,0344;0,0236;0,0179;0,0165;0,113;0,0;0,713;0,253;0,167;0,029;0,00232;0,000306;0,0138;0,00293;0,0487;0,0422;0,0334;0,0086;0,00452;0,00325;0,471;0,253;1,34;0,821;0,662;0,429;0,318;0,296;6,84;0,0993;52,5;17,5;12,4;5,39;2,56;1,95;-2,99;-11,72;59,55;27,23;20,13;3,42;-9,42;-10,07
Noorderplantsoen;Noorderplantsoen1;93;66,52;58,3;74,92;71,88;70,65;64,37;59,83;59,38;63,35;56,8;71,54;68,16;66,9;61,8;58,12;57,72;52,01;47,85;60,87;55,65;54,1;50,86;49,23;48,86;9,92;0,0;15,1;9,19;7,47;6,62;6,42;1,74;0,0;3,14;2,16;2,06;1,69;1,48;1,43;0,0254;0,0132;0,075;0,0412;0,0344;0,0236;0,0179;0,0165;0,113;0,0;0,713;0,253;0,167;0,029;0,00232;0,000306;0,0138;0,00293;0,0487;0,0422;0,0334;0,0086;0,00452;0,00325;0,471;0,253;1,34;0,821;0,662;0,429;0,318;0,296;6,84;0,0993;52,5;17,5;12,4;5,39;2,56;1,95;-2,99;-11,72;59,55;27,23;20,13;3,42;-9,42;-10,07
Noorderplantsoen;Noorderplantsoen1;95;66,52;58,3;74,92;71,88;70,65;64,37;59,83;59,38;63,35;56,8;71,54;68,16;66,9;61,8;58,12;57,72;52,01;47,85;60,87;55,65;54,1;50,86;49,23;48,86;9,92;0,0;15,1;9,19;7,47;6,62;6,42;1,74;0,0;3,14;2,16;2,06;1,69;1,48;1,43;0,0254;0,0132;0,075;0,0412;0,0344;0,0236;0,0179;0,0165;0,113;0,0;0,713;0,253;0,167;0,029;0,00232;0,000306;0,0138;0,00293;0,0487;0,0422;0,0334;0,0086;0,00452;0,00325;0,471;0,253;1,34;0,821;0,662;0,429;0,318;0,296;6,84;0,0993;52,5;17,5;12,4;5,39;2,56;1,95;-2,99;-11,72;59,55;27,23;20,13;3,42;-9,42;-10,07
Noorderplantsoen;Noorderplantsoen1;94;71,67;61,54;88,32;78,29;72,58;68,44;64,69;63,57;70,79;59,74;88,2;75,52;70,09;67,25;62,82;62,22;69,35;51,57;88,56;66,67;65,04;61,7;52,98;52,58;20,1;0,0;70,6;18,8;14,8;8,72;8,42;1,99;0,0;4,81;2,53;2,42;1,92;1,63;1,56;0,032;0,0146;0,131;0,0505;0,0438;0,0298;0,0212;0,0191;0,125;0,0;1,81;0,273;0,171;0,0401;0,00721;0,00358;0,025;0,00318;0,216;0,167;0,0841;0,00864;0,0041;0,00347;0,43;0,265;1,47;0,681;0,541;0,401;0,327;0,311;8,58;0,185;227,0;16,5;12,5;6,37;3,32;2,67;-1,13;-7,31;62,75;42,4;36,56;14,44;-3,63;-4,55
Noorderplantsoen;Noorderplantsoen1;57;66,97;58,77;74,2;71,89;71,0;64,14;60,49;59,95;65,58;57,78;74,09;70,12;69,43;63,27;59,64;59,24;60,23;50,78;70,84;65,07;64,0;57,68;53,05;52,28;17,2;0,0;25,2;16,3;11,2;8,55;8,18;1,91;0,0;2,81;2,26;2,18;1,9;1,67;1,62;0,0678;0,0143;0,288;0,208;0,158;0,0395;0,0211;0,0189;0,16;0,0;0,936;0,464;0,313;0,112;0,0165;0,00925;0,0121;0,00361;0,0573;0,0432;0,0299;0,00942;0,00488;0,00396;0,45;0,254;1,7;0,9;0,645;0,409;0,295;0,28;7,25;0,271;55,5;15,2;12,5;6,21;3,13;2,51;-0,7;-7,14;56,15;37,1;24,45;8,49;-4,72;-5,45
Noorderplantsoen;Noorderplantsoen1;55;66,97;58,77;74,2;71,89;71,0;64,14;60,49;59,95;65,58;57,78;74,09;70,12;69,43;63,27;59,64;59,24;60,23;50,78;70,84;65,07;64,0;57,68;53,05;52,28;17,2;0,0;25,2;16,3;11,2;8,55;8,18;1,91;0,0;2,81;2,26;2,18;1,9;1,67;1,62;0,0678;0,0143;0,288;0,208;0,158;0,0395;0,0211;0,0189;0,16;0,0;0,936;0,464;0,313;0,112;0,0165;0,00925;0,0121;0,00361;0,0573;0,0432;0,0299;0,00942;0,00488;0,00396;0,45;0,254;1,7;0,9;0,645;0,409;0,295;0,28;7,25;0,271;55,5;15,2;12,5;6,21;3,13;2,51;-0,7;-7,14;56,15;37,1;24,45;8,49;-4,72;-5,45
Noorderplantsoen;Noorderplantsoen1;59;70,97;61,68;77,78;76,89;76,24;69,23;64,74;63,69;70,08;60,98;77,13;76,13;75,35;68,33;63,31;62,01;64,02;55,95;69,6;67,97;67,02;63,52;57,09;56,62;23,5;0,0;26,0;21,7;16,2;11,1;10,5;2,22;0,0;3,38;2,66;2,55;2,17;1,95;1,9;0,04;0,0156;0,117;0,0738;0,0619;0,0362;0,0242;0,0208;0,223;0,0;0,896;0,721;0,59;0,0804;0,0122;0,00644;0,00974;0,00474;0,0197;0,0191;0,018;0,00962;0,00559;0,00523;0,429;0,203;0,858;0,703;0,617;0,413;0,269;0,251;8,14;0,492;41,8;18,3;14,2;7,11;3,65;2,88;-5,96;-6,27;65,67;41,11;30,49;14,77;-2,36;-3,62
Noorderplantsoen;Noorderplantsoen1;60;70,97;61,68;77,78;76,89;76,24;69,23;64,74;63,69;70,08;60,98;77,13;76,13;75,35;68,33;63,31;62,01;64,02;55,95;69,6;67,97;67,02;63,52;57,09;56,62;23,5;0,0;26,0;21,7;16,2;11,1;10,5;2,22;0,0;3,38;2,66;2,55;2,17;1,95;1,9;0,04;0,0156;0,117;0,0738;0,0619;0,0362;0,0242;0,0208;0,223;0,0;0,896;0,721;0,59;0,0804;0,0122;0,00644;0,00974;0,00474;0,0197;0,0191;0,018;0,00962;0,00559;0,00523;0,429;0,203;0,858;0,703;0,617;0,413;0,269;0,251;8,14;0,492;41,8;18,3;14,2;7,11;3,65;2,88;-5,96;-6,27;65,67;41,11;30,49;14,77;-2,36;-3,62
Noorderplantsoen;Noorderplantsoen1;61;67,59;61,34;75,0;71,66;70,88;65,87;62,79;62,38;66,36;60,6;72,13;70,05;69,52;64,76;61,96;61,52;60,83;54,2;66,35;65,39;65,02;59,45;55,87;55,4;19,6;0,0;21,1;19,0;12,3;9,92;9,59;1,87;0,0;2,58;2,38;2,35;1,83;1,57;1,54;0,0412;0,018;0,127;0,0785;0,0679;0,0363;0,0239;0,0218;0,118;0,0;0,593;0,315;0,236;0,0718;0,0155;0,00961;0,00563;0,00259;0,0164;0,0133;0,0101;0,00488;0,0029;0,00273;0,329;0,203;0,614;0,467;0,427;0,327;0,265;0,252;5,43;0,203;30,5;10,4;8,74;4,95;2,54;2,0;-3,17;-11,97;59,64;37,87;26,54;6,33;-9,79;-10,34
Noorderplantsoen;Noorderplantsoen1;70;66,67;58,91;72,41;70,98;70,26;64,45;61,76;61,12;66,19;58,47;72,29;70,84;70,11;63,35;60,57;60,11;60,92;50,35;68,74;66,66;65,21;56,88;52,34;51,83;21,0;0,0;23,8;19,5;11,4;8,24;7,9;1,95;0,0;3,32;2,51;2,38;1,96;1,59;1,54;0,0475;0,0133;0,249;0,136;0,104;0,0335;0,0212;0,0188;0,233;0,0;1,25;0,515;0,419;0,197;0,0293;0,0166;0,00592;0,00231;0,0198;0,0142;0,00834;0,00527;0,00313;0,00278;0,423;0,157;1,29;0,821;0,629;0,393;0,232;0,203;5,8;0,0404;40,7;11,7;9,46;5,2;2,58;1,99;-3,2;-9,67;57,99;35,54;29,32;8,86;-5,61;-6,71
