locationid;sessionid;groupid;recordid;recordinglength;nombre_audio_empleado
CarloV;CarloV2;2CV12;1434;30,88;2cv12
CarloV;CarloV2;2CV12;1435;30,88;2cv12
CarloV;CarloV2;2CV13;1430;30,79;2cv13
CarloV;CarloV2;2CV13;1431;30,79;2cv13
CarloV;CarloV2;2CV13;1432;30,79;2cv13
CarloV;CarloV2;2CV14;1443;30,77;2cv14
CarloV;CarloV2;2CV21;1428;30,46;2cv21
CarloV;CarloV2;2CV22;1429;31,72;2cv22
CarloV;CarloV2;2CV32;1436;30,77;2cv32
CarloV;CarloV2;2CV32;1437;30,77;2cv32
CarloV;CarloV2;2CV32;1438;30,77;2cv32
CarloV;CarloV2;2CV32;1439;30,77;2cv32
CarloV;CarloV2;2CV32;1440;30,77;2cv32
CarloV;CarloV2;2CV32;1441;30,77;2cv32
CarloV;CarloV2;2CV32;1442;30,77;2cv32
CarloV;CarloV2;2CV41;1433;31,07;2cv41
CarloV;CarloV2;2CV51;1427;29,0;2cv51
CarloV;CarloV2;2CV62;1407;30,77;2cv62
CarloV;CarloV2;2CV62;1408;30,77;2cv62
CarloV;CarloV2;2CV62;1409;30,77;2cv62
CarloV;CarloV2;2CV62;1410;30,77;2cv62
CarloV;CarloV2;2CV62;1411;30,77;2cv62
CarloV;CarloV2;2CV62;1412;30,77;2cv62
CarloV;CarloV2;2CV62;1413;30,77;2cv62
CarloV;CarloV2;2CV62;1414;30,77;2cv62
CarloV;CarloV2;2CV62;1415;30,77;2cv62
CarloV;CarloV2;2CV62;1416;30,77;2cv62
CarloV;CarloV2;2CV62;1417;30,77;2cv62
CarloV;CarloV2;2CV62;1418;30,77;2cv62
CarloV;CarloV2;2CV62;1419;30,77;2cv62
CarloV;CarloV2;2CV62;1420;30,77;2cv62
CarloV;CarloV2;2CV62;1421;30,77;2cv62
CarloV;CarloV2;2CV62;1422;30,77;2cv62
CarloV;CarloV2;2CV62;1423;30,77;2cv62
CarloV;CarloV2;2CV62;1424;30,77;2cv62
SanMarco;SanMarco1;AM06;30;33,83;am06
SanMarco;SanMarco1;AM06;31;33,83;am06
SanMarco;SanMarco1;AM07;32;30,46;am07
PlazaBibRambla;PlazaBibRambla1;BIB11;1457;32,47;bib11
PlazaBibRambla;PlazaBibRambla1;BIB14;1444;30,81;bib14
PlazaBibRambla;PlazaBibRambla1;BIB5;1454;36,14;bib5
PlazaBibRambla;PlazaBibRambla1;BIB5;1455;36,14;bib5
CamdenTown;CamdenTown1;CT101;525;31,57;ct101
CamdenTown;CamdenTown1;CT101;526;31,57;ct101
CamdenTown;CamdenTown1;CT101;561;31,57;ct101
CamdenTown;CamdenTown1;CT102;560;32,47;ct102
CamdenTown;CamdenTown1;CT103;527;35,16;ct103
CamdenTown;CamdenTown1;CT104;528;31,96;ct104
CamdenTown;CamdenTown1;CT107;559;31,32;ct107
CamdenTown;CamdenTown1;CT108;531;27,26;ct108
CamdenTown;CamdenTown1;CT109;532;31,53;ct109
CamdenTown;CamdenTown1;CT109;557;31,53;ct109
CamdenTown;CamdenTown1;CT109;558;31,53;ct109
CamdenTown;CamdenTown1;CT110;556;31,66;ct110
CamdenTown;CamdenTown1;CT112;534;33,71;ct112
CamdenTown;CamdenTown1;CT112;554;33,71;ct112
CamdenTown;CamdenTown1;CT113;535;20,64;ct113
CamdenTown;CamdenTown1;CT113;553;20,64;ct113
CamdenTown;CamdenTown1;CT114;536;25,0;ct114
CamdenTown;CamdenTown1;CT116;538;33,71;ct116
CamdenTown;CamdenTown1;CT116;550;33,71;ct116
CamdenTown;CamdenTown1;CT117;539;32,68;ct117
CamdenTown;CamdenTown1;CT117;549;32,68;ct117
CamdenTown;CamdenTown1;CT119;541;19,69;ct119
CamdenTown;CamdenTown1;CT120;542;33,75;ct120
CamdenTown;CamdenTown1;CT121;547;32,43;ct121
CamdenTown;CamdenTown1;CT122;543;31,79;ct122
CamdenTown;CamdenTown1;CT123;544;31,57;ct123
CamdenTown;CamdenTown1;CT124;545;34,22;ct124
CamdenTown;CamdenTown1;CT124;546;34,22;ct124
CamdenTown;CamdenTown2;CT201;563;33,75;ct201
CamdenTown;CamdenTown2;CT201;570;33,75;ct201
CamdenTown;CamdenTown2;CT202;564;33,88;ct202
CamdenTown;CamdenTown2;CT202;569;33,88;ct202
CamdenTown;CamdenTown2;CT203;567;31,87;ct203
CamdenTown;CamdenTown2;CT203;568;31,87;ct203
CamdenTown;CamdenTown3;CT301;585;40,47;ct301
CamdenTown;CamdenTown3;CT305;588;48,46;ct305
CamdenTown;CamdenTown3;CT305;614;48,46;ct305
CamdenTown;CamdenTown3;CT306;589;31,42;ct306
CamdenTown;CamdenTown3;CT308;590;33,37;ct308
CamdenTown;CamdenTown3;CT308;613;33,37;ct308
CamdenTown;CamdenTown3;CT309;591;45,58;ct309
CamdenTown;CamdenTown3;CT310;592;32,37;ct310
CamdenTown;CamdenTown3;CT311;593;42,35;ct311
CamdenTown;CamdenTown3;CT311;623;42,35;ct311
CamdenTown;CamdenTown3;CT312;594;39,75;ct312
CamdenTown;CamdenTown3;CT312;595;39,75;ct312
CamdenTown;CamdenTown3;CT312;622;39,75;ct312
CamdenTown;CamdenTown3;CT313;596;41,31;ct313
CamdenTown;CamdenTown3;CT313;621;41,31;ct313
CamdenTown;CamdenTown3;CT314;597;37,76;ct314
CamdenTown;CamdenTown3;CT315;598;38,36;ct315
CamdenTown;CamdenTown3;CT317;599;30,72;ct317
CamdenTown;CamdenTown3;CT318;600;42,49;ct318
CamdenTown;CamdenTown3;CT318;611;42,49;ct318
CamdenTown;CamdenTown3;CT319;601;37,11;ct319
CamdenTown;CamdenTown3;CT320;602;30,81;ct320
CamdenTown;CamdenTown3;CT321;603;30,66;ct321
CamdenTown;CamdenTown3;CT321;610;30,66;ct321
CamdenTown;CamdenTown3;CT322;604;31,34;ct322
CamdenTown;CamdenTown3;CT322;620;31,34;ct322
CamdenTown;CamdenTown3;CT324;609;33,48;ct324
CamdenTown;CamdenTown3;CT325;605;40,73;ct325
CamdenTown;CamdenTown3;CT326;606;36,15;ct326
CamdenTown;CamdenTown3;CT327;616;46,65;ct327
CamdenTown;CamdenTown3;CT327;618;46,65;ct327
CamdenTown;CamdenTown3;CT328;607;50,36;ct328
CamdenTown;CamdenTown3;CT328;617;50,36;ct328
CamdenTown;CamdenTown3;CT329;608;32,11;ct329
CamdenTown;CamdenTown4;CT401;1219;35,06;ct401
CamdenTown;CamdenTown4;CT402;1239;31,49;ct402
CamdenTown;CamdenTown4;CT403;1220;36,36;ct403
CamdenTown;CamdenTown4;CT404;1221;31,37;ct404
CamdenTown;CamdenTown4;CT405;1222;31,79;ct405
CamdenTown;CamdenTown4;CT406;1223;34,53;ct406
CamdenTown;CamdenTown4;CT407;1224;35,57;ct407
CamdenTown;CamdenTown4;CT407;1225;35,57;ct407
CamdenTown;CamdenTown4;CT408;1226;34,27;ct408
CamdenTown;CamdenTown4;CT412;1229;31,95;ct412
CamdenTown;CamdenTown4;CT412;1231;31,95;ct412
CamdenTown;CamdenTown4;CT412;1232;31,95;ct412
CamdenTown;CamdenTown4;CT412;1233;31,95;ct412
CamdenTown;CamdenTown4;CT412;1234;31,95;ct412
CamdenTown;CamdenTown4;CT413;1235;38,31;ct413
CamdenTown;CamdenTown4;CT414;1236;30,0;ct414
CamdenTown;CamdenTown4;CT414;1237;30,0;ct414
CamdenTown;CamdenTown4;CT414;1240;30,0;ct414
CamdenTown;CamdenTown4;CT415;1238;36,83;ct415
CarloV;CarloV1;CV14;1395;30,59;cv14
CarloV;CarloV1;CV14;1396;30,59;cv14
CarloV;CarloV1;CV14;1397;30,59;cv14
CarloV;CarloV1;CV15;1394;30,38;cv15
CarloV;CarloV1;CV16;1398;30,72;cv16
CarloV;CarloV1;CV212;1403;30,89;cv212
CarloV;CarloV1;CV212;1404;30,89;cv212
CarloV;CarloV1;CV23;573;31,4;cv23
CarloV;CarloV1;CV31;577;32,94;cv31
CarloV;CarloV1;CV33;580;24,0;cv33
CarloV;CarloV1;CV35;581;30,93;cv35
CarloV;CarloV1;CV37;582;30,63;cv37
CarloV;CarloV1;CV38;583;32,09;cv38
CarloV;CarloV1;CV39;584;31,83;cv39
CarloV;CarloV1;CV42;1399;30,34;cv42
CarloV;CarloV1;CV45;1405;30,63;cv45
CarloV;CarloV1;CV45;1406;30,63;cv45
EustonTap;EustonTap1;ET101;1284;34,35;et101
EustonTap;EustonTap1;ET101;1285;34,35;et101
EustonTap;EustonTap1;ET103;1286;34,35;et103
EustonTap;EustonTap1;ET103;1287;34,35;et103
EustonTap;EustonTap1;ET103;1288;34,35;et103
EustonTap;EustonTap1;ET104;1289;42,92;et104
EustonTap;EustonTap1;ET105;1290;36,78;et105
EustonTap;EustonTap1;ET105;1291;36,78;et105
EustonTap;EustonTap1;ET106;1292;48,34;et106
EustonTap;EustonTap1;ET106;1293;48,34;et106
EustonTap;EustonTap1;ET107;1294;41,64;et107
EustonTap;EustonTap1;ET108;1295;37,12;et108
EustonTap;EustonTap1;ET109;1296;35,67;et109
EustonTap;EustonTap1;ET109;1298;35,67;et109
EustonTap;EustonTap1;ET110;1297;38,95;et110
EustonTap;EustonTap1;ET110;1299;38,95;et110
EustonTap;EustonTap1;ET111;1300;34,52;et111
EustonTap;EustonTap1;ET111;1301;34,52;et111
EustonTap;EustonTap1;ET112;1302;33,88;et112
EustonTap;EustonTap1;ET113;1303;46,42;et113
EustonTap;EustonTap1;ET115;1306;34,35;et115
EustonTap;EustonTap1;ET115;1308;34,35;et115
EustonTap;EustonTap1;ET115;1309;34,35;et115
EustonTap;EustonTap1;ET116;1305;33,88;et116
EustonTap;EustonTap1;ET117;1311;40,77;et117
EustonTap;EustonTap1;ET118;1307;33,96;et118
EustonTap;EustonTap1;ET118;1310;33,96;et118
EustonTap;EustonTap1;ET118;1312;33,96;et118
EustonTap;EustonTap1;ET118;1313;33,96;et118
EustonTap;EustonTap1;ET119;1314;38,74;et119
EustonTap;EustonTap1;ET120;1315;33,15;et120
EustonTap;EustonTap1;ET120;1316;33,15;et120
EustonTap;EustonTap1;ET121;1317;33,62;et121
EustonTap;EustonTap1;ET122;1318;36,05;et122
EustonTap;EustonTap1;ET122;1319;36,05;et122
EustonTap;EustonTap1;ET123;1320;31,45;et123
EustonTap;EustonTap1;ET123;1321;31,45;et123
EustonTap;EustonTap1;ET123;1322;31,45;et123
EustonTap;EustonTap1;ET124;1323;34,26;et124
EustonTap;EustonTap1;ET124;1324;34,26;et124
EustonTap;EustonTap1;ET125;1325;23,5;et125
EustonTap;EustonTap2;ET201;1326;36,01;et201
EustonTap;EustonTap2;ET201;1327;36,01;et201
EustonTap;EustonTap2;ET201;1328;36,01;et201
EustonTap;EustonTap2;ET202;1329;52,57;et202
EustonTap;EustonTap2;ET203;1330;34,69;et203
EustonTap;EustonTap3;ET203;1368;;et203
EustonTap;EustonTap2;ET205;1332;51,58;et205
EustonTap;EustonTap2;ET205;1333;51,58;et205
EustonTap;EustonTap2;ET206;1334;29,06;et206
EustonTap;EustonTap2;ET206;1335;29,06;et206
EustonTap;EustonTap2;ET206;1336;29,06;et206
EustonTap;EustonTap2;ET207;1338;35,07;et207
EustonTap;EustonTap2;ET207;1339;35,07;et207
EustonTap;EustonTap2;ET207;1340;35,07;et207
EustonTap;EustonTap2;ET207;1341;35,07;et207
EustonTap;EustonTap2;ET210;1345;40,11;et210
EustonTap;EustonTap2;ET211;1346;37,67;et211
EustonTap;EustonTap2;ET212;1347;33,92;et212
EustonTap;EustonTap2;ET212;1348;33,92;et212
EustonTap;EustonTap2;ET213;1349;34,56;et213
EustonTap;EustonTap2;ET214;1350;33,15;et214
EustonTap;EustonTap2;ET215;1351;37,12;et215
EustonTap;EustonTap2;ET216;1352;35,88;et216
EustonTap;EustonTap2;ET218;1355;35,29;et218
EustonTap;EustonTap2;ET218;1356;35,29;et218
EustonTap;EustonTap2;ET219;1357;35,33;et219
EustonTap;EustonTap2;ET219;1358;35,33;et219
EustonTap;EustonTap2;ET220;1359;45,78;et220
EustonTap;EustonTap2;ET221;1360;34,26;et221
EustonTap;EustonTap2;ET221;1361;34,26;et221
EustonTap;EustonTap2;ET222;1362;36,95;et222
EustonTap;EustonTap3;ET302;1366;33,11;et302
EustonTap;EustonTap3;ET302;1367;33,11;et302
EustonTap;EustonTap3;ET303;1370;33,79;et303
EustonTap;EustonTap3;ET303;1371;33,79;et303
EustonTap;EustonTap3;ET303;1372;33,79;et303
EustonTap;EustonTap3;ET304;1373;41,5;et304
EustonTap;EustonTap3;ET305;1374;33,92;et305
EustonTap;EustonTap3;ET306;1375;34,05;et306
EustonTap;EustonTap3;ET306;1376;34,05;et306
EustonTap;EustonTap3;ET306;1377;34,05;et306
EustonTap;EustonTap3;ET306;1378;34,05;et306
EustonTap;EustonTap3;ET306;1379;34,05;et306
EustonTap;EustonTap3;ET307;1380;32,85;et307
EustonTap;EustonTap3;ET307;1381;32,85;et307
EustonTap;EustonTap3;ET307;1382;32,85;et307
EustonTap;EustonTap3;ET308;1383;33,54;et308
EustonTap;EustonTap3;ET310;1385;38,04;et310
EustonTap;EustonTap3;ET310;1386;38,04;et310
EustonTap;EustonTap3;ET311;1387;34,9;et311
EustonTap;EustonTap3;ET312;1388;43,14;et312
EustonTap;EustonTap3;ET313;1389;40,53;et313
EustonTap;EustonTap3;ET314;1390;36,69;et314
EustonTap;EustonTap3;ET314;1391;36,69;et314
Noorderplantsoen;Noorderplantsoen1;NP142;1461;31,1;np142
Noorderplantsoen;Noorderplantsoen1;NP144;1462;31,32;np144
Noorderplantsoen;Noorderplantsoen1;NP144;1463;31,32;np144
Noorderplantsoen;Noorderplantsoen1;NP147;1464;28,53;np147
Noorderplantsoen;Noorderplantsoen1;NP151;1465;18,36;np151
Noorderplantsoen;Noorderplantsoen1;NP151;1466;18,36;np151
MarchmontGarden;MarchmontGarden1;MC101;269;31,79;mc101
MarchmontGarden;MarchmontGarden1;MC102;270;32,17;mc102
MarchmontGarden;MarchmontGarden1;MC103;271;60,63;mc103
MarchmontGarden;MarchmontGarden1;MC104;272;40,58;mc104
MarchmontGarden;MarchmontGarden1;MC105;273;37,55;mc105
MarchmontGarden;MarchmontGarden1;MC105;274;37,55;mc105
MarchmontGarden;MarchmontGarden1;MC106;275;60,67;mc106
MarchmontGarden;MarchmontGarden1;MC108;277;37,21;mc108
MarchmontGarden;MarchmontGarden1;MC110;278;30,72;mc110
MarchmontGarden;MarchmontGarden1;MC111;279;32,91;mc111
MarchmontGarden;MarchmontGarden1;MC111;280;32,91;mc111
MarchmontGarden;MarchmontGarden1;MC112;281;47,02;mc112
MarchmontGarden;MarchmontGarden1;MC114;282;42,41;mc114
MarchmontGarden;MarchmontGarden1;MC115;283;36,95;mc115
MarchmontGarden;MarchmontGarden1;MC116;284;32,09;mc116
MarchmontGarden;MarchmontGarden1;MC116;285;32,09;mc116
MarchmontGarden;MarchmontGarden1;MC118;287;35,54;mc118
MarchmontGarden;MarchmontGarden1;MC118;288;35,54;mc118
MarchmontGarden;MarchmontGarden1;MC118;289;35,54;mc118
MarchmontGarden;MarchmontGarden1;MC119;290;30,0;mc119
MarchmontGarden;MarchmontGarden1;MC119;291;30,0;mc119
MarchmontGarden;MarchmontGarden1;MC120;292;31,53;mc120
MarchmontGarden;MarchmontGarden1;MC120;293;31,53;mc120
MarchmontGarden;MarchmontGarden1;MC121;294;40,0;mc121
MarchmontGarden;MarchmontGarden1;MC121;295;40,0;mc121
MarchmontGarden;MarchmontGarden1;MC122;296;42,67;mc122
MarchmontGarden;MarchmontGarden1;MC127;298;48,55;mc127
MarchmontGarden;MarchmontGarden1;MC129;300;34,86;mc129
MarchmontGarden;MarchmontGarden2;MC203;306;39,21;mc203
MarchmontGarden;MarchmontGarden2;MC204;302;30,99;mc204
MarchmontGarden;MarchmontGarden2;MC206;303;36,86;mc206
MarchmontGarden;MarchmontGarden2;MC207;304;31,1;mc207
MarchmontGarden;MarchmontGarden3;MC301;309;34,0;mc301
MarchmontGarden;MarchmontGarden3;MC302;308;23,23;mc302
MarchmontGarden;MarchmontGarden3;MC302;335;23,23;mc302
MarchmontGarden;MarchmontGarden3;MC303;310;33,45;mc303
MarchmontGarden;MarchmontGarden3;MC307;313;34,83;mc307
MarchmontGarden;MarchmontGarden3;MC308;314;40,75;mc308
MarchmontGarden;MarchmontGarden3;MC309;315;22,0;mc309
MarchmontGarden;MarchmontGarden3;MC310;316;39,51;mc310
MarchmontGarden;MarchmontGarden3;MC311;317;30,84;mc311
MarchmontGarden;MarchmontGarden3;MC311;336;30,84;mc311
MarchmontGarden;MarchmontGarden3;MC312;337;39,85;mc312
MarchmontGarden;MarchmontGarden3;MC316;320;32,94;mc316
MarchmontGarden;MarchmontGarden3;MC317;322;37,76;mc317
MarchmontGarden;MarchmontGarden3;MC318;339;38,7;mc318
MarchmontGarden;MarchmontGarden3;MC318;340;38,7;mc318
MarchmontGarden;MarchmontGarden3;MC319;321;31,1;mc319
MarchmontGarden;MarchmontGarden3;MC320;338;38,87;mc320
MarchmontGarden;MarchmontGarden3;MC321;323;40,75;mc321
MarchmontGarden;MarchmontGarden3;MC323;341;30,0;mc323
MarchmontGarden;MarchmontGarden3;MC324;326;30,83;mc324
MarchmontGarden;MarchmontGarden3;MC325;327;32,75;mc325
MarchmontGarden;MarchmontGarden3;MC328;329;37,55;mc328
MarchmontGarden;MarchmontGarden3;MC329;342;31,87;mc329
MarchmontGarden;MarchmontGarden3;MC330;330;34,94;mc330
MarchmontGarden;MarchmontGarden3;MC331;331;30,87;mc331
MarchmontGarden;MarchmontGarden3;MC332;332;38,78;mc332
MarchmontGarden;MarchmontGarden3;MC332;343;38,78;mc332
MarchmontGarden;MarchmontGarden3;MC333;344;40,75;mc333
MarchmontGarden;MarchmontGarden3;MC333;345;40,75;mc333
MarchmontGarden;MarchmontGarden3;MC334;346;30,42;mc334
MarchmontGarden;MarchmontGarden3;MC335;333;23,23;mc335
MarchmontGarden;MarchmontGarden3;MC336;334;36,86;mc336
MarchmontGarden;MarchmontGarden3;MC336;347;36,86;mc336
MarchmontGarden;MarchmontGarden4;MC401;348;39,57;mc401
MarchmontGarden;MarchmontGarden4;MC402;349;21,83;mc402
MarchmontGarden;MarchmontGarden4;MC402;350;21,83;mc402
MarchmontGarden;MarchmontGarden4;MC404;352;45,89;mc404
MarchmontGarden;MarchmontGarden4;MC404;353;45,89;mc404
MarchmontGarden;MarchmontGarden4;MC404;418;45,89;mc404
MarchmontGarden;MarchmontGarden4;MC404;419;45,89;mc404
MarchmontGarden;MarchmontGarden4;MC405;354;40,9;mc405
MarchmontGarden;MarchmontGarden4;MC406;355;40,85;mc406
MarchmontGarden;MarchmontGarden4;MC407;356;42,13;mc407
MarchmontGarden;MarchmontGarden4;MC407;357;42,13;mc407
MarchmontGarden;MarchmontGarden4;MC407;420;42,13;mc407
MarchmontGarden;MarchmontGarden4;MC409;358;37,95;mc409
MarchmontGarden;MarchmontGarden4;MC409;359;37,95;mc409
MarchmontGarden;MarchmontGarden4;MC410;360;30,87;mc410
MarchmontGarden;MarchmontGarden4;MC412;362;36,84;mc412
MarchmontGarden;MarchmontGarden4;MC413;363;40,77;mc413
MarchmontGarden;MarchmontGarden4;MC413;364;40,77;mc413
MarchmontGarden;MarchmontGarden4;MC414;365;30,7;mc414
MarchmontGarden;MarchmontGarden4;MC415;366;41,07;mc415
MarchmontGarden;MarchmontGarden4;MC415;367;41,07;mc415
MarchmontGarden;MarchmontGarden4;MC416;368;35,82;mc416
MarchmontGarden;MarchmontGarden4;MC417;369;33,58;mc417
MarchmontGarden;MarchmontGarden4;MC417;416;33,58;mc417
MarchmontGarden;MarchmontGarden4;MC418;417;38,46;mc418
MonumentoGaribaldi;MonumentoGaribaldi1;MG102;206;32,34;mg102
MonumentoGaribaldi;MonumentoGaribaldi1;MG103;3;30,51;mg103
MonumentoGaribaldi;MonumentoGaribaldi1;MG104;4;34,65;mg104
MonumentoGaribaldi;MonumentoGaribaldi1;MG104;5;34,65;mg104
MonumentoGaribaldi;MonumentoGaribaldi1;MG105;203;34,13;mg105
MonumentoGaribaldi;MonumentoGaribaldi1;MG106;6;32,46;mg106
MonumentoGaribaldi;MonumentoGaribaldi1;MG109;8;33,58;mg109
MonumentoGaribaldi;MonumentoGaribaldi1;MG109;9;33,58;mg109
MonumentoGaribaldi;MonumentoGaribaldi1;MG110;10;30,59;mg110
MonumentoGaribaldi;MonumentoGaribaldi1;MG111;202;39,64;mg111
MonumentoGaribaldi;MonumentoGaribaldi1;MG114;14;39,98;mg114
MonumentoGaribaldi;MonumentoGaribaldi1;MG114;211;39,98;mg114
MonumentoGaribaldi;MonumentoGaribaldi1;MG118;18;35,33;mg118
MonumentoGaribaldi;MonumentoGaribaldi1;MG118;212;35,33;mg118
MonumentoGaribaldi;MonumentoGaribaldi1;MG119;19;35,46;mg119
MonumentoGaribaldi;MonumentoGaribaldi1;MG119;213;35,46;mg119
SanMarco;SanMarco1;ML103;36;45,4;ml103
SanMarco;SanMarco1;ML103;37;45,4;ml103
SanMarco;SanMarco1;ML103;38;45,4;ml103
SanMarco;SanMarco1;ML103;39;45,4;ml103
SanMarco;SanMarco1;ML106;43;32,26;ml106
SanMarco;SanMarco1;ML106;44;32,26;ml106
SanMarco;SanMarco1;ML106;45;32,26;ml106
SanMarco;SanMarco1;ML106;46;32,26;ml106
SanMarco;SanMarco1;ML106;47;32,26;ml106
SanMarco;SanMarco1;ML112;52;30,59;ml112
SanMarco;SanMarco1;ML112;53;30,59;ml112
SanMarco;SanMarco1;ML112;54;30,59;ml112
SanMarco;SanMarco1;ML112;55;30,59;ml112
SanMarco;SanMarco1;ML132;60;60,76;ml132
SanMarco;SanMarco1;ML132;61;60,76;ml132
SanMarco;SanMarco2;ML204;73;32,38;ml204
SanMarco;SanMarco2;ML206;76;60,89;ml206
SanMarco;SanMarco2;ML206;77;60,89;ml206
SanMarco;SanMarco2;ML209;80;30,38;ml209
SanMarco;SanMarco2;ML209;81;30,38;ml209
SanMarco;SanMarco2;ML210;82;30,59;ml210
SanMarco;SanMarco2;ML210;83;30,59;ml210
SanMarco;SanMarco2;ML211;84;31,32;ml211
SanMarco;SanMarco2;ML211;85;31,32;ml211
SanMarco;SanMarco2;ML213;88;31,19;ml213
PancrasLock;PancrasLock1;PL101;215;33,48;pl101
PancrasLock;PancrasLock1;PL102;216;47,0;pl102
PancrasLock;PancrasLock1;PL102;242;47,0;pl102
PancrasLock;PancrasLock1;PL103;217;30,02;pl103
PancrasLock;PancrasLock1;PL103;239;30,02;pl103
PancrasLock;PancrasLock1;PL105;219;32,04;pl105
PancrasLock;PancrasLock1;PL106;240;36,91;pl106
PancrasLock;PancrasLock1;PL107;220;74,62;pl107
PancrasLock;PancrasLock1;PL107;232;74,62;pl107
PancrasLock;PancrasLock1;PL107;233;74,62;pl107
PancrasLock;PancrasLock1;PL107;234;74,62;pl107
PancrasLock;PancrasLock1;PL107;235;74,62;pl107
PancrasLock;PancrasLock1;PL107;236;74,62;pl107
PancrasLock;PancrasLock1;PL107;237;74,62;pl107
PancrasLock;PancrasLock1;PL107;243;74,62;pl107
PancrasLock;PancrasLock1;PL107;244;74,62;pl107
PancrasLock;PancrasLock1;PL107;246;74,62;pl107
PancrasLock;PancrasLock1;PL107;247;74,62;pl107
PancrasLock;PancrasLock1;PL107;248;74,62;pl107
PancrasLock;PancrasLock1;PL107;249;74,62;pl107
PancrasLock;PancrasLock1;PL107;250;74,62;pl107
PancrasLock;PancrasLock1;PL107;251;74,62;pl107
PancrasLock;PancrasLock1;PL107;252;74,62;pl107
PancrasLock;PancrasLock1;PL107;253;74,62;pl107
PancrasLock;PancrasLock1;PL107;254;74,62;pl107
PancrasLock;PancrasLock1;PL107;255;74,62;pl107
PancrasLock;PancrasLock1;PL107;256;74,62;pl107
PancrasLock;PancrasLock1;PL107;257;74,62;pl107
PancrasLock;PancrasLock1;PL107;258;74,62;pl107
PancrasLock;PancrasLock1;PL107;259;74,62;pl107
PancrasLock;PancrasLock1;PL107;260;74,62;pl107
PancrasLock;PancrasLock1;PL107;261;74,62;pl107
PancrasLock;PancrasLock1;PL108;221;30,73;pl108
PancrasLock;PancrasLock1;PL108;238;30,73;pl108
PancrasLock;PancrasLock1;PL109;222;39,64;pl109
PancrasLock;PancrasLock1;PL112;224;35,54;pl112
PancrasLock;PancrasLock1;PL114;226;39,42;pl114
PancrasLock;PancrasLock1;PL114;267;39,42;pl114
PancrasLock;PancrasLock1;PL116;228;30,0;pl116
PancrasLock;PancrasLock1;PL116;263;30,0;pl116
PancrasLock;PancrasLock1;PL119;230;40,92;pl119
PancrasLock;PancrasLock1;PL119;266;40,92;pl119
PancrasLock;PancrasLock1;PL120;231;38,57;pl120
PancrasLock;PancrasLock1;PL120;262;38,57;pl120
PancrasLock;PancrasLock2;PL201;371;34,56;pl201
PancrasLock;PancrasLock2;PL202;409;38,49;pl202
PancrasLock;PancrasLock2;PL202;410;38,49;pl202
PancrasLock;PancrasLock2;PL203;372;43,05;pl203
PancrasLock;PancrasLock2;PL203;373;43,05;pl203
PancrasLock;PancrasLock2;PL205;411;38,19;pl205
PancrasLock;PancrasLock2;PL206;413;34,56;pl206
PancrasLock;PancrasLock2;PL209;374;33,92;pl209
PancrasLock;PancrasLock2;PL209;414;33,92;pl209
PancrasLock;PancrasLock2;PL210;375;30,0;pl210
PancrasLock;PancrasLock2;PL211;376;38,57;pl211
PancrasLock;PancrasLock2;PL211;397;38,57;pl211
PancrasLock;PancrasLock2;PL213;378;55,21;pl213
PancrasLock;PancrasLock2;PL215;379;30,59;pl215
PancrasLock;PancrasLock2;PL215;401;30,59;pl215
PancrasLock;PancrasLock2;PL216;380;29,5;pl216
PancrasLock;PancrasLock2;PL216;398;29,5;pl216
PancrasLock;PancrasLock2;PL217;381;28,09;pl217
PancrasLock;PancrasLock2;PL217;402;28,09;pl217
PancrasLock;PancrasLock2;PL218;382;17,42;pl218
PancrasLock;PancrasLock2;PL218;408;17,42;pl218
PancrasLock;PancrasLock2;PL219;383;35,54;pl219
PancrasLock;PancrasLock2;PL220;407;32,55;pl220
PancrasLock;PancrasLock2;PL221;384;30,17;pl221
PancrasLock;PancrasLock2;PL222;385;30,76;pl222
PancrasLock;PancrasLock2;PL224;387;18,0;pl224
PancrasLock;PancrasLock2;PL227;389;30,89;pl227
PancrasLock;PancrasLock2;PL228;390;32,51;pl228
PancrasLock;PancrasLock2;PL230;392;31,15;pl230
PancrasLock;PancrasLock2;PL231;393;33,62;pl231
PancrasLock;PancrasLock2;PL231;405;33,62;pl231
PancrasLock;PancrasLock2;PL234;395;19,74;pl234
RegentsParkFields;RegentsParkFields1;RF101;792;35,62;rf101
RegentsParkFields;RegentsParkFields1;RF101;793;35,62;rf101
RegentsParkFields;RegentsParkFields1;RF102;794;30,5;rf102
RegentsParkFields;RegentsParkFields1;RF102;795;30,5;rf102
RegentsParkFields;RegentsParkFields1;RF103;796;42,68;rf103
RegentsParkFields;RegentsParkFields1;RF103;797;42,68;rf103
RegentsParkFields;RegentsParkFields1;RF104;798;38,68;rf104
RegentsParkFields;RegentsParkFields1;RF104;799;38,68;rf104
RegentsParkFields;RegentsParkFields1;RF105;800;45,98;rf105
RegentsParkFields;RegentsParkFields1;RF106;801;35,53;rf106
RegentsParkFields;RegentsParkFields1;RF108;804;35,29;rf108
RegentsParkFields;RegentsParkFields1;RF109;805;40,26;rf109
RegentsParkFields;RegentsParkFields1;RF110;806;36,97;rf110
RegentsParkFields;RegentsParkFields1;RF111;807;36,08;rf111
RegentsParkFields;RegentsParkFields1;RF111;808;36,08;rf111
RegentsParkFields;RegentsParkFields1;RF112;809;41,71;rf112
RegentsParkFields;RegentsParkFields1;RF112;810;41,71;rf112
RegentsParkFields;RegentsParkFields1;RF113;811;55,88;rf113
RegentsParkFields;RegentsParkFields1;RF114;812;31,02;rf114
RegentsParkFields;RegentsParkFields1;RF115;813;20,94;rf115
RegentsParkFields;RegentsParkFields1;RF116;814;43,17;rf116
RegentsParkFields;RegentsParkFields1;RF116;815;43,17;rf116
RegentsParkFields;RegentsParkFields1;RF116;816;43,17;rf116
RegentsParkFields;RegentsParkFields1;RF117;817;49,46;rf117
RegentsParkFields;RegentsParkFields1;RF117;818;49,46;rf117
RegentsParkFields;RegentsParkFields1;RF118;819;34,81;rf118
RegentsParkFields;RegentsParkFields1;RF120;821;41,61;rf120
RegentsParkFields;RegentsParkFields1;RF120;822;41,61;rf120
RegentsParkFields;RegentsParkFields1;RF121;823;38,87;rf121
RegentsParkFields;RegentsParkFields1;RF121;824;38,87;rf121
RegentsParkFields;RegentsParkFields1;RF122;826;51,22;rf122
RegentsParkFields;RegentsParkFields1;RF122;827;51,22;rf122
RegentsParkFields;RegentsParkFields1;RF124;828;25,0;rf124
RegentsParkFields;RegentsParkFields1;RF124;829;25,0;rf124
RegentsParkFields;RegentsParkFields1;RF125;830;37,76;rf125
RegentsParkFields;RegentsParkFields1;RF125;831;37,76;rf125
RegentsParkFields;RegentsParkFields1;RF126;832;35,39;rf126
RegentsParkFields;RegentsParkFields1;RF126;833;35,39;rf126
RegentsParkFields;RegentsParkFields1;RF127;834;31,16;rf127
RegentsParkFields;RegentsParkFields1;RF127;835;31,16;rf127
RegentsParkFields;RegentsParkFields1;RF128;836;34,06;rf128
RegentsParkFields;RegentsParkFields1;RF128;837;34,06;rf128
RegentsParkFields;RegentsParkFields1;RF129;838;36,36;rf129
RegentsParkFields;RegentsParkFields1;RF129;839;36,36;rf129
RegentsParkFields;RegentsParkFields1;RF130;840;30,16;rf130
RegentsParkFields;RegentsParkFields1;RF130;841;30,16;rf130
RegentsParkFields;RegentsParkFields1;RF131;842;32,9;rf131
RegentsParkFields;RegentsParkFields1;RF132;843;33,81;rf132
RegentsParkFields;RegentsParkFields1;RF133;844;35,92;rf133
RegentsParkFields;RegentsParkFields1;RF134;845;34,53;rf134
RegentsParkFields;RegentsParkFields1;RF136;850;35,81;rf136
RegentsParkFields;RegentsParkFields1;RF137;851;21,53;rf137
RegentsParkFields;RegentsParkFields1;RF137;852;21,53;rf137
RegentsParkFields;RegentsParkFields1;RF139;853;32,51;rf139
RegentsParkFields;RegentsParkFields1;RF139;854;32,51;rf139
RegentsParkFields;RegentsParkFields1;RF139;855;32,51;rf139
RegentsParkFields;RegentsParkFields1;RF140;856;32,13;rf140
RegentsParkFields;RegentsParkFields1;RF140;857;32,13;rf140
RegentsParkFields;RegentsParkFields1;RF140;858;32,13;rf140
RegentsParkFields;RegentsParkFields1;RF141;859;35,6;rf141
RegentsParkFields;RegentsParkFields1;RF141;860;35,6;rf141
RegentsParkFields;RegentsParkFields1;RF143;864;42,21;rf143
RegentsParkFields;RegentsParkFields2;RF201;865;41,35;rf201
RegentsParkFields;RegentsParkFields2;RF201;866;41,35;rf201
RegentsParkFields;RegentsParkFields2;RF203;869;25,98;rf203
RegentsParkFields;RegentsParkFields2;RF204;870;36,57;rf204
RegentsParkFields;RegentsParkFields2;RF204;871;36,57;rf204
RegentsParkFields;RegentsParkFields2;RF205;872;41,17;rf205
RegentsParkFields;RegentsParkFields2;RF205;873;41,17;rf205
RegentsParkFields;RegentsParkFields2;RF206;874;44,33;rf206
RegentsParkFields;RegentsParkFields2;RF206;875;44,33;rf206
RegentsParkFields;RegentsParkFields2;RF207;876;31,49;rf207
RegentsParkFields;RegentsParkFields2;RF207;877;31,49;rf207
RegentsParkFields;RegentsParkFields2;RF208;878;41,91;rf208
RegentsParkFields;RegentsParkFields2;RF208;879;41,91;rf208
RegentsParkFields;RegentsParkFields2;RF209;880;31,79;rf209
RegentsParkFields;RegentsParkFields2;RF209;881;31,79;rf209
RegentsParkFields;RegentsParkFields2;RF209;882;31,79;rf209
RegentsParkFields;RegentsParkFields2;RF210;883;37,85;rf210
RegentsParkFields;RegentsParkFields2;RF210;884;37,85;rf210
RegentsParkFields;RegentsParkFields2;RF211;885;37,78;rf211
RegentsParkFields;RegentsParkFields2;RF212;886;47,88;rf212
RegentsParkFields;RegentsParkFields2;RF212;888;47,88;rf212
RegentsParkFields;RegentsParkFields2;RF213;887;36,85;rf213
RegentsParkFields;RegentsParkFields2;RF213;889;36,85;rf213
RegentsParkFields;RegentsParkFields2;RF213;890;36,85;rf213
RegentsParkFields;RegentsParkFields2;RF214;891;35,6;rf214
RegentsParkFields;RegentsParkFields2;RF215;892;42,1;rf215
RegentsParkFields;RegentsParkFields2;RF215;893;42,1;rf215
RegentsParkFields;RegentsParkFields2;RF216;894;34,69;rf216
RegentsParkFields;RegentsParkFields2;RF217;895;44,42;rf217
RegentsParkFields;RegentsParkFields2;RF217;896;44,42;rf217
RegentsParkFields;RegentsParkFields2;RF217;897;44,42;rf217
RegentsParkFields;RegentsParkFields2;RF218;898;50,9;rf218
RegentsParkFields;RegentsParkFields2;RF219;899;36,66;rf219
RegentsParkFields;RegentsParkFields2;RF220;900;59,03;rf220
RegentsParkFields;RegentsParkFields2;RF221;901;52,48;rf221
RegentsParkFields;RegentsParkFields2;RF222;903;50,09;rf222
RegentsParkFields;RegentsParkFields2;RF222 ;902;;rf222
RegentsParkFields;RegentsParkFields2;RF222 ;904;;rf222
RegentsParkFields;RegentsParkFields2;RF225;905;34,25;rf225
RegentsParkFields;RegentsParkFields2;RF227;906;47,67;rf227
RegentsParkFields;RegentsParkFields2;RF227;907;47,67;rf227
RegentsParkFields;RegentsParkFields2;RF227;908;47,67;rf227
RegentsParkJapan;RegentsParkJapan1;RP102;470;32,85;rp102
RegentsParkJapan;RegentsParkJapan1;RP102;473;32,85;rp102
RegentsParkJapan;RegentsParkJapan1;RP103;468;22,0;rp103
RegentsParkJapan;RegentsParkJapan1;RP105;467;51,11;rp105
RegentsParkJapan;RegentsParkJapan1;RP108;437;31,53;rp108
RegentsParkJapan;RegentsParkJapan1;RP108;449;31,53;rp108
RegentsParkJapan;RegentsParkJapan1;RP110;438;51,84;rp110
RegentsParkJapan;RegentsParkJapan1;RP110;439;51,84;rp110
RegentsParkJapan;RegentsParkJapan1;RP110;440;51,84;rp110
RegentsParkJapan;RegentsParkJapan1;RP110;441;51,84;rp110
RegentsParkJapan;RegentsParkJapan1;RP110;447;51,84;rp110
RegentsParkJapan;RegentsParkJapan1;RP113;423;32,68;rp113
RegentsParkJapan;RegentsParkJapan1;RP114;424;47,06;rp114
RegentsParkJapan;RegentsParkJapan1;RP116;425;53,38;rp116
RegentsParkJapan;RegentsParkJapan1;RP117;426;37,93;rp117
RegentsParkJapan;RegentsParkJapan1;RP118;446;33,49;rp118
RegentsParkJapan;RegentsParkJapan1;RP120;448;42,41;rp120
RegentsParkJapan;RegentsParkJapan1;RP121;427;31,49;rp121
RegentsParkJapan;RegentsParkJapan1;RP121;460;31,49;rp121
RegentsParkJapan;RegentsParkJapan1;RP122;450;30,55;rp122
RegentsParkJapan;RegentsParkJapan1;RP123;451;31,53;rp123
RegentsParkJapan;RegentsParkJapan1;RP124;452;28,5;rp124
RegentsParkJapan;RegentsParkJapan1;RP125;428;39,68;rp125
RegentsParkJapan;RegentsParkJapan1;RP126;461;34,22;rp126
RegentsParkJapan;RegentsParkJapan1;RP127;462;36,1;rp127
RegentsParkJapan;RegentsParkJapan1;RP128;429;24,6;rp128
RegentsParkJapan;RegentsParkJapan1;RP129;463;37,21;rp129
RegentsParkJapan;RegentsParkJapan1;RP130;465;32,38;rp130
RegentsParkJapan;RegentsParkJapan1;RP131;464;44,71;rp131
RegentsParkJapan;RegentsParkJapan1;RP132;430;42,37;rp132
RegentsParkJapan;RegentsParkJapan1;RP133;466;34,56;rp133
RegentsParkJapan;RegentsParkJapan1;RP135;431;50,01;rp135
RegentsParkJapan;RegentsParkJapan1;RP136;454;34,94;rp136
RegentsParkJapan;RegentsParkJapan1;RP136;455;34,94;rp136
RegentsParkJapan;RegentsParkJapan1;RP137;432;32,38;rp137
RegentsParkJapan;RegentsParkJapan1;RP137;456;32,38;rp137
RegentsParkJapan;RegentsParkJapan1;RP138;433;54,06;rp138
RegentsParkJapan;RegentsParkJapan1;RP138;457;54,06;rp138
RegentsParkJapan;RegentsParkJapan1;RP139;458;44,54;rp139
RegentsParkJapan;RegentsParkJapan1;RP139;459;44,54;rp139
RegentsParkJapan;RegentsParkJapan2;RP201;474;32,17;rp201
RegentsParkJapan;RegentsParkJapan2;RP203;507;32,26;rp203
RegentsParkJapan;RegentsParkJapan2;RP204;520;19,78;rp204
RegentsParkJapan;RegentsParkJapan2;RP206;477;39,38;rp206
RegentsParkJapan;RegentsParkJapan2;RP206;519;39,38;rp206
RegentsParkJapan;RegentsParkJapan2;RP207;478;41,3;rp207
RegentsParkJapan;RegentsParkJapan2;RP208;479;38,74;rp208
RegentsParkJapan;RegentsParkJapan2;RP209;521;35,63;rp209
RegentsParkJapan;RegentsParkJapan2;RP210;505;41,34;rp210
RegentsParkJapan;RegentsParkJapan2;RP210;506;41,34;rp210
RegentsParkJapan;RegentsParkJapan2;RP211;480;35,71;rp211
RegentsParkJapan;RegentsParkJapan2;RP211;518;35,71;rp211
RegentsParkJapan;RegentsParkJapan2;RP212;481;34,52;rp212
RegentsParkJapan;RegentsParkJapan2;RP214;482;34,01;rp214
RegentsParkJapan;RegentsParkJapan2;RP215;509;34,69;rp215
RegentsParkJapan;RegentsParkJapan2;RP215;510;34,69;rp215
RegentsParkJapan;RegentsParkJapan2;RP215;511;34,69;rp215
RegentsParkJapan;RegentsParkJapan2;RP217;484;35,5;rp217
RegentsParkJapan;RegentsParkJapan2;RP218;514;37,46;rp218
RegentsParkJapan;RegentsParkJapan2;RP218;515;37,46;rp218
RegentsParkJapan;RegentsParkJapan2;RP219;485;33,45;rp219
RegentsParkJapan;RegentsParkJapan2;RP220;486;32,68;rp220
RegentsParkJapan;RegentsParkJapan2;RP221;523;32,77;rp221
RegentsParkJapan;RegentsParkJapan2;RP223;487;32,7;rp223
RegentsParkJapan;RegentsParkJapan2;RP224;488;38,91;rp224
RegentsParkJapan;RegentsParkJapan2;RP226;490;37,46;rp226
RegentsParkJapan;RegentsParkJapan2;RP226;517;37,46;rp226
RegentsParkJapan;RegentsParkJapan2;RP227;491;36,86;rp227
RegentsParkJapan;RegentsParkJapan2;RP228;492;35,75;rp228
RegentsParkJapan;RegentsParkJapan2;RP228;496;35,75;rp228
RegentsParkJapan;RegentsParkJapan2;RP229;493;38,14;rp229
RegentsParkJapan;RegentsParkJapan2;RP229;494;38,14;rp229
RegentsParkJapan;RegentsParkJapan2;RP230;497;22,82;rp230
RegentsParkJapan;RegentsParkJapan2;RP230;498;22,82;rp230
RegentsParkJapan;RegentsParkJapan2;RP232;495;35,84;rp232
RegentsParkJapan;RegentsParkJapan2;RP232;508;35,84;rp232
RegentsParkJapan;RegentsParkJapan2;RP233;524;20,89;rp233
RussellSq;RussellSq1;RS101;928;32,58;rs101
RussellSq;RussellSq1;RS102;935;30,98;rs102
RussellSq;RussellSq1;RS102;942;30,98;rs102
RussellSq;RussellSq1;RS103;914;32,95;rs103
RussellSq;RussellSq1;RS104;952;32,65;rs104
RussellSq;RussellSq1;RS105;943;31,72;rs105
RussellSq;RussellSq1;RS106;915;32,16;rs106
RussellSq;RussellSq1;RS106;948;32,16;rs106
RussellSq;RussellSq1;RS107;911;33,65;rs107
RussellSq;RussellSq1;RS107;945;33,65;rs107
RussellSq;RussellSq1;RS108;947;31,76;rs108
RussellSq;RussellSq1;RS110;916;32,21;rs110
RussellSq;RussellSq1;RS110;946;32,21;rs110
RussellSq;RussellSq1;RS111;926;33,67;rs111
RussellSq;RussellSq1;RS112;930;32,67;rs112
RussellSq;RussellSq1;RS113;927;33,9;rs113
RussellSq;RussellSq1;RS114;917;31,51;rs114
RussellSq;RussellSq1;RS115;953;31,76;rs115
RussellSq;RussellSq1;RS116;929;32,25;rs116
RussellSq;RussellSq1;RS117;954;19,9;rs117
RussellSq;RussellSq1;RS118;918;33,81;rs118
RussellSq;RussellSq1;RS119;936;32,28;rs119
RussellSq;RussellSq1;RS119;949;32,28;rs119
RussellSq;RussellSq1;RS120;925;32,18;rs120
RussellSq;RussellSq1;RS120;931;32,18;rs120
RussellSq;RussellSq1;RS120;937;32,18;rs120
RussellSq;RussellSq1;RS120;950;32,18;rs120
RussellSq;RussellSq1;RS121;932;31,83;rs121
RussellSq;RussellSq1;RS122;938;32,86;rs122
RussellSq;RussellSq1;RS122;951;32,86;rs122
RussellSq;RussellSq1;RS123;919;32,32;rs123
RussellSq;RussellSq1;RS124;933;32,72;rs124
RussellSq;RussellSq1;RS125;939;31,88;rs125
RussellSq;RussellSq1;RS126;940;33,8;rs126
RussellSq;RussellSq1;RS126;944;33,8;rs126
RussellSq;RussellSq1;RS127;934;32,09;rs127
RussellSq;RussellSq1;RS127;941;32,09;rs127
RussellSq;RussellSq2;RS201;1037;30,6;rs201
RussellSq;RussellSq2;RS202;1050;31,09;rs202
RussellSq;RussellSq2;RS202;1061;31,09;rs202
RussellSq;RussellSq2;RS203;1068;32,11;rs203
RussellSq;RussellSq2;RS203;1088;32,11;rs203
RussellSq;RussellSq2;RS204;1087;43,51;rs204
RussellSq;RussellSq2;RS205;1042;34,76;rs205
RussellSq;RussellSq2;RS206;1053;32,14;rs206
RussellSq;RussellSq2;RS207;1084;34,95;rs207
RussellSq;RussellSq2;RS207;1085;34,95;rs207
RussellSq;RussellSq2;RS207;1086;34,95;rs207
RussellSq;RussellSq2;RS208;1062;31,49;rs208
RussellSq;RussellSq2;RS209;1043;35,64;rs209
RussellSq;RussellSq2;RS210;1044;33,65;rs210
RussellSq;RussellSq2;RS210;1054;33,65;rs210
RussellSq;RussellSq2;RS210;1063;33,65;rs210
RussellSq;RussellSq2;RS210;1069;33,65;rs210
RussellSq;RussellSq2;RS210;1078;33,65;rs210
RussellSq;RussellSq2;RS210;1080;33,65;rs210
RussellSq;RussellSq2;RS211;1064;34,95;rs211
RussellSq;RussellSq2;RS211;1070;34,95;rs211
RussellSq;RussellSq2;RS211;1083;34,95;rs211
RussellSq;RussellSq2;RS212;1045;32,04;rs212
RussellSq;RussellSq2;RS213;1055;30,81;rs213
RussellSq;RussellSq2;RS214;1046;32,6;rs214
RussellSq;RussellSq2;RS215;1071;31,7;rs215
RussellSq;RussellSq2;RS216;1047;33,2;rs216
RussellSq;RussellSq2;RS218;1072;33,83;rs218
RussellSq;RussellSq2;RS219;1048;40,94;rs219
RussellSq;RussellSq2;RS220;1057;33,83;rs220
RussellSq;RussellSq2;RS221;1049;32,76;rs221
RussellSq;RussellSq2;RS222;1058;32,21;rs222
RussellSq;RussellSq2;RS223;1065;33,07;rs223
RussellSq;RussellSq2;RS223;1073;33,07;rs223
RussellSq;RussellSq2;RS224;1059;32,3;rs224
RussellSq;RussellSq2;RS225;1038;33,55;rs225
RussellSq;RussellSq2;RS225;1081;33,55;rs225
RussellSq;RussellSq2;RS226;1039;34,74;rs226
RussellSq;RussellSq2;RS226;1082;34,74;rs226
RussellSq;RussellSq2;RS227;1066;35,6;rs227
RussellSq;RussellSq2;RS227;1074;35,6;rs227
RussellSq;RussellSq2;RS228;1040;33,58;rs228
RussellSq;RussellSq2;RS228;1051;33,58;rs228
RussellSq;RussellSq2;RS229;1077;32,83;rs229
RussellSq;RussellSq2;RS230;1075;32,74;rs230
RussellSq;RussellSq2;RS231;1041;32,86;rs231
RussellSq;RussellSq2;RS231;1052;32,86;rs231
RussellSq;RussellSq2;RS231;1079;32,86;rs231
RussellSq;RussellSq2;RS232;1067;31,23;rs232
RussellSq;RussellSq2;RS232;1076;31,23;rs232
RussellSq;RussellSq3;RS303;1154;36,18;rs303
RussellSq;RussellSq3;RS304;1188;34,16;rs304
RussellSq;RussellSq3;RS304;1215;34,16;rs304
RussellSq;RussellSq3;RS305;1207;34,11;rs305
RussellSq;RussellSq3;RS305;1208;34,11;rs305
RussellSq;RussellSq3;RS306;1198;21,0;rs306
RussellSq;RussellSq3;RS309;1189;34,11;rs309
RussellSq;RussellSq3;RS310;1157;33,92;rs310
RussellSq;RussellSq3;RS310;1158;33,92;rs310
RussellSq;RussellSq3;RS311;1190;34,69;rs311
RussellSq;RussellSq3;RS312;1159;33,67;rs312
RussellSq;RussellSq3;RS312;1161;33,67;rs312
RussellSq;RussellSq3;RS313;1191;36,71;rs313
RussellSq;RussellSq3;RS313;1199;36,71;rs313
RussellSq;RussellSq3;RS313;1214;36,71;rs313
RussellSq;RussellSq3;RS314;1200;32,9;rs314
RussellSq;RussellSq3;RS315;1163;35,09;rs315
RussellSq;RussellSq3;RS317;1165;33,95;rs317
RussellSq;RussellSq3;RS317;1166;33,95;rs317
RussellSq;RussellSq3;RS318;1192;33,85;rs318
RussellSq;RussellSq3;RS318;1201;33,85;rs318
RussellSq;RussellSq3;RS318;1213;33,85;rs318
RussellSq;RussellSq3;RS318;1217;33,85;rs318
RussellSq;RussellSq3;RS319;1167;36,52;rs319
RussellSq;RussellSq3;RS320;1168;23,0;rs320
RussellSq;RussellSq3;RS321;1193;33,23;rs321
RussellSq;RussellSq3;RS321;1202;33,23;rs321
RussellSq;RussellSq3;RS322;1170;32,53;rs322
RussellSq;RussellSq3;RS323;1203;33,32;rs323
RussellSq;RussellSq3;RS323;1211;33,32;rs323
RussellSq;RussellSq3;RS323;1212;33,32;rs323
RussellSq;RussellSq3;RS324;1171;33,0;rs324
RussellSq;RussellSq3;RS324;1172;33,0;rs324
RussellSq;RussellSq3;RS324;1173;33,0;rs324
RussellSq;RussellSq3;RS324;1174;33,0;rs324
RussellSq;RussellSq3;RS324;1194;33,0;rs324
RussellSq;RussellSq3;RS324;1204;33,0;rs324
RussellSq;RussellSq3;RS324;1210;33,0;rs324
RussellSq;RussellSq3;RS324;1216;33,0;rs324
RussellSq;RussellSq3;RS325;1175;33,83;rs325
RussellSq;RussellSq3;RS325;1176;33,83;rs325
RussellSq;RussellSq3;RS325;1177;33,83;rs325
RussellSq;RussellSq3;RS325;1195;33,83;rs325
RussellSq;RussellSq3;RS325;1205;33,83;rs325
RussellSq;RussellSq3;RS325;1209;33,83;rs325
RussellSq;RussellSq3;RS326;1178;33,32;rs326
RussellSq;RussellSq3;RS326;1206;33,32;rs326
RussellSq;RussellSq3;RS327;1179;32,67;rs327
RussellSq;RussellSq3;RS327;1180;32,67;rs327
RussellSq;RussellSq3;RS328;1181;36,27;rs328
RussellSq;RussellSq3;RS328;1182;36,27;rs328
RussellSq;RussellSq3;RS328;1196;36,27;rs328
RussellSq;RussellSq3;RS329;1183;33,67;rs329
RussellSq;RussellSq3;RS329;1184;33,67;rs329
RussellSq;RussellSq3;RS330;1197;32,02;rs330
RussellSq;RussellSq3;RS331;1185;34,78;rs331
RussellSq;RussellSq3;RS331;1186;34,78;rs331
RussellSq;RussellSq3;RS331;1187;34,78;rs331
StPaulsCross;StPaulsCross1;SC101;1134;30,68;sc101
StPaulsCross;StPaulsCross1;SC101;959;30,68;sc101
StPaulsCross;StPaulsCross1;SC102;1135;30,81;sc102
StPaulsCross;StPaulsCross1;SC102;1136;30,81;sc102
StPaulsCross;StPaulsCross1;SC102;1137;30,81;sc102
StPaulsCross;StPaulsCross1;SC103;1138;31,15;sc103
StPaulsCross;StPaulsCross1;SC103;1139;31,15;sc103
StPaulsCross;StPaulsCross1;SC104;964;30,59;sc104
StPaulsCross;StPaulsCross1;SC104;965;30,59;sc104
StPaulsCross;StPaulsCross1;SC105;1140;30,76;sc105
StPaulsCross;StPaulsCross1;SC106;1141;30,51;sc106
StPaulsCross;StPaulsCross1;SC107;1142;30,68;sc107
StPaulsCross;StPaulsCross1;SC107;1143;30,68;sc107
StPaulsCross;StPaulsCross1;SC107;972;30,68;sc107
StPaulsCross;StPaulsCross1;SC108;1144;30,76;sc108
StPaulsCross;StPaulsCross1;SC109;1146;30,68;sc109
StPaulsCross;StPaulsCross1;SC109;1147;30,68;sc109
StPaulsCross;StPaulsCross1;SC110;976;30,68;sc110
StPaulsCross;StPaulsCross1;SC110;977;30,68;sc110
StPaulsCross;StPaulsCross1;SC111;1148;30,63;sc111
StPaulsCross;StPaulsCross1;SC111;1149;30,63;sc111
StPaulsCross;StPaulsCross1;SC112;1150;30,85;sc112
StPaulsCross;StPaulsCross1;SC113;1132;30,51;sc113
StPaulsCross;StPaulsCross1;SC114;980;30,34;sc114
StPaulsCross;StPaulsCross1;SC115;1131;30,72;sc115
StPaulsCross;StPaulsCross1;SC116;1128;30,98;sc116
StPaulsCross;StPaulsCross1;SC116;988;30,98;sc116
StPaulsCross;StPaulsCross1;SC117;1133;30,59;sc117
StPaulsCross;StPaulsCross1;SC118;1130;30,63;sc118
StPaulsCross;StPaulsCross1;SC119;993;30,04;sc119
StPaulsCross;StPaulsCross1;SC120;1126;30,81;sc120
StPaulsCross;StPaulsCross1;SC121;995;30,89;sc121
StPaulsCross;StPaulsCross1;SC121;996;30,89;sc121
StPaulsCross;StPaulsCross1;SC122;1127;31,02;sc122
StPaulsCross;StPaulsCross1;SC123;1000;30,72;sc123
StPaulsCross;StPaulsCross1;SC123;1125;30,72;sc123
StPaulsCross;StPaulsCross1;SC124;1151;30,89;sc124
StPaulsCross;StPaulsCross1;SC125;1006;31,02;sc125
StPaulsCross;StPaulsCross1;SC126;1007;30,81;sc126
StPaulsCross;StPaulsCross1;SC127;1124;31,06;sc127
StPaulsCross;StPaulsCross1;SC128;1122;30,81;sc128
StPaulsCross;StPaulsCross1;SC129;1010;30,68;sc129
StPaulsCross;StPaulsCross1;SC130;1013;30,72;sc130
StPaulsCross;StPaulsCross1;SC131;1121;30,72;sc131
StPaulsCross;StPaulsCross1;SC134;1026;30,68;sc134
StPaulsCross;StPaulsCross1;SC135;1113;30,63;sc135
StPaulsCross;StPaulsCross1;SC136;1117;30,72;sc136
StPaulsCross;StPaulsCross1;SC137;1029;31,23;sc137
StPaulsCross;StPaulsCross1;SC137;1030;31,23;sc137
StPaulsCross;StPaulsCross1;SC138;1112;30,76;sc138
StPaulsCross;StPaulsCross1;SC138;1114;30,76;sc138
StPaulsCross;StPaulsCross1;SC139;1116;30,76;sc139
StPaulsCross;StPaulsCross1;SC140;1031;30,72;sc140
StPaulsCross;StPaulsCross1;SC140;1115;30,72;sc140
StPaulsCross;StPaulsCross1;SC141;1032;30,76;sc141
StPaulsCross;StPaulsCross1;SC142;1033;30,72;sc142
StPaulsCross;StPaulsCross1;SC142;1034;30,72;sc142
StPaulsCross;StPaulsCross1;SC143;1152;30,68;sc143
StPaulsCross;StPaulsCross1;SC144;1035;30,76;sc144
StPaulsCross;StPaulsCross1;SC144;1153;30,76;sc144
SanMarco;SanMarco3;SM302;94;23,89;sm302
SanMarco;SanMarco3;SM305;100;31,83;sm305
SanMarco;SanMarco3;SM305;101;31,83;sm305
SanMarco;SanMarco3;SM309;109;34,52;sm309
SanMarco;SanMarco3;SM313;116;35,88;sm313
SanMarco;SanMarco3;SM314;117;32,47;sm314
SanMarco;SanMarco3;SM314;118;32,47;sm314
SanMarco;SanMarco3;SM314;119;32,47;sm314
SanMarco;SanMarco3;SM314;120;32,47;sm314
SanMarco;SanMarco3;SM314;121;32,47;sm314
StPaulsRow;StPaulsRow1;SR101;1098;32,6;sr101
StPaulsRow;StPaulsRow1;SR101;957;32,6;sr101
StPaulsRow;StPaulsRow1;SR103;1097;37,27;sr103
StPaulsRow;StPaulsRow1;SR103;960;37,27;sr103
StPaulsRow;StPaulsRow1;SR105;962;36,9;sr105
StPaulsRow;StPaulsRow1;SR107;968;34,67;sr107
StPaulsRow;StPaulsRow1;SR108;1102;31,35;sr108
StPaulsRow;StPaulsRow1;SR108;969;31,35;sr108
StPaulsRow;StPaulsRow1;SR110;1101;26,33;sr110
StPaulsRow;StPaulsRow1;SR111;971;31,28;sr111
StPaulsRow;StPaulsRow1;SR112;973;33,88;sr112
StPaulsRow;StPaulsRow1;SR114;1100;31,35;sr114
StPaulsRow;StPaulsRow1;SR115;1094;34,74;sr115
StPaulsRow;StPaulsRow1;SR115;974;34,74;sr115
StPaulsRow;StPaulsRow1;SR115;975;34,74;sr115
StPaulsRow;StPaulsRow1;SR117;1089;38,34;sr117
StPaulsRow;StPaulsRow1;SR117;978;38,34;sr117
StPaulsRow;StPaulsRow1;SR118;1099;49,88;sr118
StPaulsRow;StPaulsRow1;SR119;979;38,85;sr119
StPaulsRow;StPaulsRow1;SR119;981;38,85;sr119
StPaulsRow;StPaulsRow1;SR121;982;33,53;sr121
StPaulsRow;StPaulsRow1;SR123;1106;35,25;sr123
StPaulsRow;StPaulsRow1;SR123;984;35,25;sr123
StPaulsRow;StPaulsRow1;SR124;1107;41,01;sr124
StPaulsRow;StPaulsRow1;SR124;985;41,01;sr124
StPaulsRow;StPaulsRow1;SR125;986;46,21;sr125
StPaulsRow;StPaulsRow1;SR125;987;46,21;sr125
StPaulsRow;StPaulsRow1;SR126;989;40,61;sr126
StPaulsRow;StPaulsRow1;SR128;992;45,06;sr128
StPaulsRow;StPaulsRow1;SR129;1092;22,55;sr129
StPaulsRow;StPaulsRow1;SR130;994;35,97;sr130
StPaulsRow;StPaulsRow1;SR131;997;46,63;sr131
StPaulsRow;StPaulsRow1;SR131;998;46,63;sr131
StPaulsRow;StPaulsRow1;SR133;1001;36,29;sr133
StPaulsRow;StPaulsRow1;SR133;1002;36,29;sr133
StPaulsRow;StPaulsRow1;SR134;1003;38,87;sr134
StPaulsRow;StPaulsRow1;SR134;1108;38,87;sr134
StPaulsRow;StPaulsRow1;SR137;1009;36,55;sr137
StPaulsRow;StPaulsRow1;SR137;1110;36,55;sr137
StPaulsRow;StPaulsRow1;SR139;1105;37,2;sr139
StPaulsRow;StPaulsRow1;SR140;1014;35,94;sr140
StPaulsRow;StPaulsRow1;SR140;1015;35,94;sr140
StPaulsRow;StPaulsRow1;SR144;1021;20,42;sr144
StPaulsRow;StPaulsRow1;SR145;1023;46,18;sr145
StPaulsRow;StPaulsRow1;SR145;1024;46,18;sr145
StPaulsRow;StPaulsRow1;SR146;1025;39,45;sr146
StPaulsRow;StPaulsRow1;SR147;1027;35,46;sr147
StPaulsRow;StPaulsRow1;SR147;1028;35,46;sr147
TateModern;TateModern1;TM101;628;33,53;tm101
TateModern;TateModern1;TM101;672;33,53;tm101
TateModern;TateModern1;TM102;671;24,53;tm102
TateModern;TateModern1;TM103;630;29,76;tm103
TateModern;TateModern1;TM104;632;36,64;tm104
TateModern;TateModern1;TM104;654;36,64;tm104
TateModern;TateModern1;TM106;670;31,51;tm106
TateModern;TateModern1;TM107;633;33,81;tm107
TateModern;TateModern1;TM107;634;33,81;tm107
TateModern;TateModern1;TM107;656;33,81;tm107
TateModern;TateModern1;TM107;657;33,81;tm107
TateModern;TateModern1;TM108;669;40,24;tm108
TateModern;TateModern1;TM109;635;31,95;tm109
TateModern;TateModern1;TM109;658;31,95;tm109
TateModern;TateModern1;TM109;659;31,95;tm109
TateModern;TateModern1;TM110;636;35,92;tm110
TateModern;TateModern1;TM110;637;35,92;tm110
TateModern;TateModern1;TM111;675;31,3;tm111
TateModern;TateModern1;TM112;673;31,86;tm112
TateModern;TateModern1;TM113;638;35,29;tm113
TateModern;TateModern1;TM113;661;35,29;tm113
TateModern;TateModern1;TM115;676;31,97;tm115
TateModern;TateModern1;TM116;640;33,44;tm116
TateModern;TateModern1;TM116;664;33,44;tm116
TateModern;TateModern1;TM117;674;36,52;tm117
TateModern;TateModern1;TM118;641;33,88;tm118
TateModern;TateModern1;TM118;665;33,88;tm118
TateModern;TateModern1;TM119;642;37,36;tm119
TateModern;TateModern1;TM120;643;32,42;tm120
TateModern;TateModern1;TM120;666;32,42;tm120
TateModern;TateModern1;TM121;644;32,25;tm121
TateModern;TateModern1;TM122;645;32,3;tm122
TateModern;TateModern1;TM122;667;32,3;tm122
TateModern;TateModern1;TM123;646;31,65;tm123
TateModern;TateModern1;TM123;677;31,65;tm123
TateModern;TateModern1;TM124;662;31,65;tm124
TateModern;TateModern1;TM124;663;31,65;tm124
TateModern;TateModern1;TM126;648;33,69;tm126
TateModern;TateModern1;TM127;649;31,76;tm127
TateModern;TateModern1;TM127;679;31,76;tm127
TateModern;TateModern1;TM127;680;31,76;tm127
TateModern;TateModern1;TM128;650;31,88;tm128
TateModern;TateModern1;TM128;668;31,88;tm128
TateModern;TateModern1;TM129;651;31,51;tm129
TateModern;TateModern1;TM130;681;30,2;tm130
TateModern;TateModern1;TM130;682;30,2;tm130
TateModern;TateModern1;TM133;686;32,62;tm133
TateModern;TateModern2;TM201;687;34,95;tm201
TateModern;TateModern2;TM202;729;32,76;tm202
TateModern;TateModern2;TM203;688;33,09;tm203
TateModern;TateModern2;TM204;728;36,04;tm204
TateModern;TateModern2;TM205;689;32,79;tm205
TateModern;TateModern2;TM205;690;32,79;tm205
TateModern;TateModern2;TM206;691;32,83;tm206
TateModern;TateModern2;TM206;692;32,83;tm206
TateModern;TateModern2;TM206;721;32,83;tm206
TateModern;TateModern2;TM207;726;32,62;tm207
TateModern;TateModern2;TM208;727;33,97;tm208
TateModern;TateModern2;TM209;693;40,96;tm209
TateModern;TateModern2;TM209;694;40,96;tm209
TateModern;TateModern2;TM211;724;32,69;tm211
TateModern;TateModern2;TM212;695;34,23;tm212
TateModern;TateModern2;TM213;696;31,32;tm213
TateModern;TateModern2;TM214;722;31,88;tm214
TateModern;TateModern2;TM215;719;32,21;tm215
TateModern;TateModern2;TM215;720;32,21;tm215
TateModern;TateModern2;TM216;697;33,55;tm216
TateModern;TateModern2;TM216;735;33,55;tm216
TateModern;TateModern2;TM217;717;32,48;tm217
TateModern;TateModern2;TM217;718;32,48;tm217
TateModern;TateModern2;TM218;699;32,65;tm218
TateModern;TateModern2;TM219;700;31,14;tm219
TateModern;TateModern2;TM220;716;35,18;tm220
TateModern;TateModern2;TM221;701;35,5;tm221
TateModern;TateModern2;TM221;734;35,5;tm221
TateModern;TateModern2;TM222;715;36,71;tm222
TateModern;TateModern2;TM223;702;35,57;tm223
TateModern;TateModern2;TM223;733;35,57;tm223
TateModern;TateModern2;TM226;705;32,39;tm226
TateModern;TateModern2;TM229;706;32,9;tm229
TateModern;TateModern2;TM229;707;32,9;tm229
TateModern;TateModern2;TM230;730;32,83;tm230
TateModern;TateModern2;TM231;710;31,79;tm231
TateModern;TateModern2;TM232;708;32,16;tm232
TateModern;TateModern2;TM232;709;32,16;tm232
TateModern;TateModern3;TM301;784;33,2;tm301
TateModern;TateModern3;TM301;785;33,2;tm301
TateModern;TateModern3;TM303;738;30,93;tm303
TateModern;TateModern3;TM304;739;31,35;tm304
TateModern;TateModern3;TM304;764;31,35;tm304
TateModern;TateModern3;TM306;782;32,83;tm306
TateModern;TateModern3;TM306;783;32,83;tm306
TateModern;TateModern3;TM307;781;30,88;tm307
TateModern;TateModern3;TM307;791;30,88;tm307
TateModern;TateModern3;TM308;741;31,32;tm308
TateModern;TateModern3;TM309;742;60,21;tm309
TateModern;TateModern3;TM310;743;33,62;tm310
TateModern;TateModern3;TM310;788;33,62;tm310
TateModern;TateModern3;TM310;789;33,62;tm310
TateModern;TateModern3;TM311;744;32,55;tm311
TateModern;TateModern3;TM311;786;32,55;tm311
TateModern;TateModern3;TM312;745;32,51;tm312
TateModern;TateModern3;TM316;779;35,78;tm316
TateModern;TateModern3;TM318;763;30,53;tm318
TateModern;TateModern3;TM319;746;31,23;tm319
TateModern;TateModern3;TM319;775;31,23;tm319
TateModern;TateModern3;TM320;778;31,35;tm320
TateModern;TateModern3;TM321;748;40,03;tm321
TateModern;TateModern3;TM321;774;40,03;tm321
TateModern;TateModern3;TM325;767;30,42;tm325
TateModern;TateModern3;TM325;772;30,42;tm325
TateModern;TateModern3;TM326;771;31,32;tm326
TateModern;TateModern3;TM327;751;31,63;tm327
TateModern;TateModern3;TM328;752;31,11;tm328
TateModern;TateModern3;TM329;753;31,93;tm329
TateModern;TateModern3;TM330;754;30,56;tm330
TateModern;TateModern3;TM331;761;31,14;tm331
TateModern;TateModern3;TM332;755;31,63;tm332
TateModern;TateModern3;TM332;765;31,63;tm332
TateModern;TateModern3;TM333;756;31,39;tm333
TateModern;TateModern3;TM334;757;31,79;tm334
TateModern;TateModern3;TM334;762;31,79;tm334
TateModern;TateModern3;TM335;758;31,42;tm335
TateModern;TateModern3;TM335;769;31,42;tm335
TateModern;TateModern3;TM335;770;31,42;tm335
TateModern;TateModern3;TM336;759;33,04;tm336
TateModern;TateModern3;TM336;760;33,04;tm336
TateModern;TateModern3;TM336;768;33,04;tm336
TorringtonSq;TorringtonSq2;TS203;124;40,92;ts203
TorringtonSq;TorringtonSq2;TS203;125;40,92;ts203
TorringtonSq;TorringtonSq2;TS205;126;40,15;ts205
TorringtonSq;TorringtonSq2;TS206;127;43,09;ts206
TorringtonSq;TorringtonSq2;TS207;128;41,22;ts207
TorringtonSq;TorringtonSq2;TS207;129;41,22;ts207
TorringtonSq;TorringtonSq2;TS210;130;20,61;ts210
TorringtonSq;TorringtonSq2;TS212;131;27,0;ts212
TorringtonSq;TorringtonSq2;TS213;132;37,67;ts213
TorringtonSq;TorringtonSq2;TS214;133;38,02;ts214
TorringtonSq;TorringtonSq2;TS216;134;40,32;ts216
TorringtonSq;TorringtonSq2;TS216;135;40,32;ts216
TorringtonSq;TorringtonSq2;TS217;136;41,22;ts217
TorringtonSq;TorringtonSq2;TS217;137;41,22;ts217
TorringtonSq;TorringtonSq2;TS218;138;53,84;ts218
TorringtonSq;TorringtonSq2;TS220;139;37,46;ts220
TorringtonSq;TorringtonSq2;TS221;140;40,7;ts221
TorringtonSq;TorringtonSq2;TS221;141;40,7;ts221
TorringtonSq;TorringtonSq2;TS223;143;32,94;ts223
TorringtonSq;TorringtonSq2;TS224;144;34,73;ts224
TorringtonSq;TorringtonSq2;TS225;145;24,13;ts225
TorringtonSq;TorringtonSq2;TS226;146;45,65;ts226
TorringtonSq;TorringtonSq2;TS229;148;34,6;ts229
TorringtonSq;TorringtonSq2;TS230;149;31,49;ts230
TorringtonSq;TorringtonSq2;TS231;150;21,13;ts231
TorringtonSq;TorringtonSq2;TS232;152;26,55;ts232
TorringtonSq;TorringtonSq2;TS233;151;31,19;ts233
TorringtonSq;TorringtonSq2;TS233;153;31,19;ts233
TorringtonSq;TorringtonSq2;TS234;154;33,24;ts234
TorringtonSq;TorringtonSq2;TS235;155;30,76;ts235
TorringtonSq;TorringtonSq2;TS236;156;32,98;ts236
TorringtonSq;TorringtonSq2;TS237;157;39,38;ts237
TorringtonSq;TorringtonSq3;TS302;161;30,85;ts302
TorringtonSq;TorringtonSq3;TS302;184;30,85;ts302
TorringtonSq;TorringtonSq3;TS303;162;30,72;ts303
TorringtonSq;TorringtonSq3;TS304;185;31,96;ts304
TorringtonSq;TorringtonSq3;TS305;163;30,46;ts305
TorringtonSq;TorringtonSq3;TS305;186;30,46;ts305
TorringtonSq;TorringtonSq3;TS306;164;30,55;ts306
TorringtonSq;TorringtonSq3;TS309;165;30,89;ts309
TorringtonSq;TorringtonSq3;TS310;166;32,64;ts310
TorringtonSq;TorringtonSq3;TS310;167;32,64;ts310
TorringtonSq;TorringtonSq3;TS311;168;30,81;ts311
TorringtonSq;TorringtonSq3;TS311;188;30,81;ts311
TorringtonSq;TorringtonSq3;TS312;169;32,47;ts312
TorringtonSq;TorringtonSq3;TS313;189;30,93;ts313
TorringtonSq;TorringtonSq3;TS314;170;30,85;ts314
TorringtonSq;TorringtonSq3;TS314;190;30,85;ts314
TorringtonSq;TorringtonSq3;TS315;171;31,74;ts315
TorringtonSq;TorringtonSq3;TS315;191;31,74;ts315
TorringtonSq;TorringtonSq3;TS316;172;30,85;ts316
TorringtonSq;TorringtonSq3;TS317;173;36,82;ts317
TorringtonSq;TorringtonSq3;TS317;174;36,82;ts317
TorringtonSq;TorringtonSq3;TS317;192;36,82;ts317
TorringtonSq;TorringtonSq3;TS317;193;36,82;ts317
TorringtonSq;TorringtonSq3;TS318;175;39,42;ts318
TorringtonSq;TorringtonSq3;TS318;194;39,42;ts318
TorringtonSq;TorringtonSq3;TS318;195;39,42;ts318
TorringtonSq;TorringtonSq3;TS319;176;37,03;ts319
TorringtonSq;TorringtonSq3;TS319;196;37,03;ts319
TorringtonSq;TorringtonSq3;TS320;197;34,94;ts320
TorringtonSq;TorringtonSq3;TS321;177;37,93;ts321
TorringtonSq;TorringtonSq3;TS321;178;37,93;ts321
TorringtonSq;TorringtonSq3;TS322;179;39,59;ts322
TorringtonSq;TorringtonSq3;TS323;180;32,6;ts323
TorringtonSq;TorringtonSq3;TS323;181;32,6;ts323
TorringtonSq;TorringtonSq4;TS401;1243;26,28;ts401
TorringtonSq;TorringtonSq4;TS407;1244;41,98;ts407
TorringtonSq;TorringtonSq4;TS407;1245;41,98;ts407
TorringtonSq;TorringtonSq4;TS408;1246;32,0;ts408
TorringtonSq;TorringtonSq4;TS408;1247;32,0;ts408
TorringtonSq;TorringtonSq4;TS411;1248;49,28;ts411
TorringtonSq;TorringtonSq4;TS411;1249;49,28;ts411
TorringtonSq;TorringtonSq4;TS412;1250;41,64;ts412
TorringtonSq;TorringtonSq4;TS413;1251;38,06;ts413
TorringtonSq;TorringtonSq4;TS413;1252;38,06;ts413
TorringtonSq;TorringtonSq4;TS413;1253;38,06;ts413
TorringtonSq;TorringtonSq4;TS414;1254;40,79;ts414
TorringtonSq;TorringtonSq4;TS415;1255;41,77;ts415
TorringtonSq;TorringtonSq4;TS415;1256;41,77;ts415
TorringtonSq;TorringtonSq4;TS415;1257;41,77;ts415
TorringtonSq;TorringtonSq4;TS415;1258;41,77;ts415
TorringtonSq;TorringtonSq4;TS417;1260;45,82;ts417
TorringtonSq;TorringtonSq4;TS417 ;1261;;ts417
TorringtonSq;TorringtonSq4;TS418;1262;45,01;ts418
TorringtonSq;TorringtonSq4;TS418;1263;45,01;ts418
TorringtonSq;TorringtonSq4;TS418;1283;45,01;ts418
TorringtonSq;TorringtonSq4;TS419;1264;43,56;ts419
TorringtonSq;TorringtonSq4;TS419;1265;43,56;ts419
TorringtonSq;TorringtonSq4;TS419;1266;43,56;ts419
TorringtonSq;TorringtonSq4;TS420;1267;41,77;ts420
TorringtonSq;TorringtonSq4;TS421;1269;43,69;ts421
TorringtonSq;TorringtonSq4;TS422;1268;41,09;ts422
TorringtonSq;TorringtonSq4;TS423;1271;60,93;ts423
TorringtonSq;TorringtonSq4;TS423;1272;60,93;ts423
TorringtonSq;TorringtonSq4;TS423;1274;60,93;ts423
TorringtonSq;TorringtonSq4;TS424;1273;40,66;ts424
TorringtonSq;TorringtonSq4;TS425;1275;40,7;ts425
TorringtonSq;TorringtonSq4;TS426;1278;44,54;ts426
TorringtonSq;TorringtonSq4;TS426;1279;44,54;ts426
TorringtonSq;TorringtonSq4;TS426;1280;44,54;ts426
TorringtonSq;TorringtonSq4;TS426;1281;44,54;ts426
TorringtonSq;TorringtonSq4;TS426;1282;44,54;ts426
CamdenTown;CamdenTown3;CT323;10009;48,32;ct323
CamdenTown;CamdenTown3;CT323;10010;48,32;ct323
CampoPrincipe;CampoPrincipe1;CP0;10102;30,67;cp0
CampoPrincipe;CampoPrincipe1;CP0;10103;30,67;cp0
CampoPrincipe;CampoPrincipe1;CP0;10104;30,67;cp0
CampoPrincipe;CampoPrincipe1;CP0;10105;30,67;cp0
CampoPrincipe;CampoPrincipe1;CP0;10106;30,67;cp0
CampoPrincipe;CampoPrincipe1;CP0;10107;30,67;cp0
CampoPrincipe;CampoPrincipe1;CP0;10108;30,67;cp0
CampoPrincipe;CampoPrincipe1;CP0;10109;30,67;cp0
CampoPrincipe;CampoPrincipe1;CP0;10110;30,67;cp0
CampoPrincipe;CampoPrincipe1;CP0;10111;30,67;cp0
CampoPrincipe;CampoPrincipe1;CP0;10112;30,67;cp0
CampoPrincipe;CampoPrincipe1;CP0;10113;30,67;cp0
CampoPrincipe;CampoPrincipe1;CP0;10114;30,67;cp0
CampoPrincipe;CampoPrincipe1;CP0;10115;30,67;cp0
CampoPrincipe;CampoPrincipe1;CP0;10116;30,67;cp0
CampoPrincipe;CampoPrincipe1;CP0;10117;30,67;cp0
CampoPrincipe;CampoPrincipe1;CP0;10118;30,67;cp0
CampoPrincipe;CampoPrincipe1;CP0;10119;30,67;cp0
CampoPrincipe;CampoPrincipe1;CP0;10120;30,67;cp0
CampoPrincipe;CampoPrincipe1;CP0;10121;30,67;cp0
CampoPrincipe;CampoPrincipe1;CP0;10122;30,67;cp0
CampoPrincipe;CampoPrincipe1;CP0;10123;30,67;cp0
CampoPrincipe;CampoPrincipe1;CP0;10124;30,67;cp0
CampoPrincipe;CampoPrincipe1;CP0;10125;30,67;cp0
CampoPrincipe;CampoPrincipe1;CP0;10126;30,67;cp0
CampoPrincipe;CampoPrincipe1;CP0;10127;30,67;cp0
CampoPrincipe;CampoPrincipe1;CP0;10128;30,67;cp0
CampoPrincipe;CampoPrincipe1;CP0;10129;30,67;cp0
CampoPrincipe;CampoPrincipe1;CP0;10130;30,67;cp0
CampoPrincipe;CampoPrincipe1;CP0;10131;30,67;cp0
CampoPrincipe;CampoPrincipe1;CP0;10132;30,67;cp0
CampoPrincipe;CampoPrincipe1;CP00;10073;31,09;cp00
CampoPrincipe;CampoPrincipe1;CP00;10074;31,09;cp00
CampoPrincipe;CampoPrincipe1;CP00;10075;31,09;cp00
CampoPrincipe;CampoPrincipe1;CP00;10076;31,09;cp00
CampoPrincipe;CampoPrincipe1;CP00;10077;31,09;cp00
CampoPrincipe;CampoPrincipe1;CP00;10078;31,09;cp00
CampoPrincipe;CampoPrincipe1;CP00;10079;31,09;cp00
CampoPrincipe;CampoPrincipe1;CP00;10080;31,09;cp00
CampoPrincipe;CampoPrincipe1;CP00;10081;31,09;cp00
CampoPrincipe;CampoPrincipe1;CP00;10082;31,09;cp00
CampoPrincipe;CampoPrincipe1;CP00;10083;31,09;cp00
CampoPrincipe;CampoPrincipe1;CP00;10084;31,09;cp00
CampoPrincipe;CampoPrincipe1;CP00;10085;31,09;cp00
CampoPrincipe;CampoPrincipe1;CP00;10086;31,09;cp00
CampoPrincipe;CampoPrincipe1;CP00;10087;31,09;cp00
CampoPrincipe;CampoPrincipe1;CP00;10088;31,09;cp00
CampoPrincipe;CampoPrincipe1;CP00;10089;31,09;cp00
CampoPrincipe;CampoPrincipe1;CP00;10090;31,09;cp00
CampoPrincipe;CampoPrincipe1;CP00;10091;31,09;cp00
CampoPrincipe;CampoPrincipe1;CP00;10092;31,09;cp00
CampoPrincipe;CampoPrincipe1;CP00;10093;31,09;cp00
CampoPrincipe;CampoPrincipe1;CP00;10094;31,09;cp00
CampoPrincipe;CampoPrincipe1;CP00;10095;31,09;cp00
CampoPrincipe;CampoPrincipe1;CP00;10096;31,09;cp00
CampoPrincipe;CampoPrincipe1;CP00;10133;31,09;cp00
CampoPrincipe;CampoPrincipe1;CP1;10042;30,63;cp1
CampoPrincipe;CampoPrincipe1;CP1;10098;30,63;cp1
CampoPrincipe;CampoPrincipe1;CP1;10099;30,63;cp1
CampoPrincipe;CampoPrincipe1;CP1;10100;30,63;cp1
CampoPrincipe;CampoPrincipe1;CP1;10101;30,63;cp1
CampoPrincipe;CampoPrincipe1;CP1;10134;30,63;cp1
CampoPrincipe;CampoPrincipe1;CP11;10019;35,02;cp11
CampoPrincipe;CampoPrincipe1;CP11;10043;35,02;cp11
CampoPrincipe;CampoPrincipe1;CP12;10033;30,56;cp12
CampoPrincipe;CampoPrincipe1;CP13;10032;30,81;cp13
CampoPrincipe;CampoPrincipe1;CP13;10050;30,81;cp13
CampoPrincipe;CampoPrincipe1;CP13;10051;30,81;cp13
CampoPrincipe;CampoPrincipe1;CP13;10052;30,81;cp13
CampoPrincipe;CampoPrincipe1;CP14;10068;30,67;cp14
CampoPrincipe;CampoPrincipe1;CP16;10053;31,05;cp16
CampoPrincipe;CampoPrincipe1;CP16;10054;31,05;cp16
CampoPrincipe;CampoPrincipe1;CP16;10059;31,05;cp16
CampoPrincipe;CampoPrincipe1;CP16;10060;31,05;cp16
CampoPrincipe;CampoPrincipe1;CP17;10055;30,74;cp17
CampoPrincipe;CampoPrincipe1;CP17;10056;30,74;cp17
CampoPrincipe;CampoPrincipe1;CP17;10057;30,74;cp17
CampoPrincipe;CampoPrincipe1;CP17;10058;30,74;cp17
CampoPrincipe;CampoPrincipe1;CP18;10062;30,65;cp18
CampoPrincipe;CampoPrincipe1;CP18;10063;30,65;cp18
CampoPrincipe;CampoPrincipe1;CP18;10064;30,65;cp18
CampoPrincipe;CampoPrincipe1;CP18;10069;30,65;cp18
CampoPrincipe;CampoPrincipe1;CP18;10070;30,65;cp18
CampoPrincipe;CampoPrincipe1;CP19;10061;30,79;cp19
CampoPrincipe;CampoPrincipe1;CP20;10065;30,79;cp20
CampoPrincipe;CampoPrincipe1;CP20;10067;30,79;cp20
CampoPrincipe;CampoPrincipe1;CP21;10071;30,65;cp21
CampoPrincipe;CampoPrincipe1;CP21;10072;30,65;cp21
CampoPrincipe;CampoPrincipe1;CP3;10035;31,06;cp3
CampoPrincipe;CampoPrincipe1;CP3;10036;31,06;cp3
CampoPrincipe;CampoPrincipe1;CP3;10040;31,06;cp3
CampoPrincipe;CampoPrincipe1;CP3;10041;31,06;cp3
CampoPrincipe;CampoPrincipe1;CP4;10037;32,68;cp4
CampoPrincipe;CampoPrincipe1;CP4;10038;32,68;cp4
CampoPrincipe;CampoPrincipe1;CP4;10039;32,68;cp4
CampoPrincipe;CampoPrincipe1;CP5;10026;30,98;cp5
CampoPrincipe;CampoPrincipe1;CP5;10027;30,98;cp5
CampoPrincipe;CampoPrincipe1;CP6;10030;30,12;cp6
CampoPrincipe;CampoPrincipe1;CP6;10034;30,12;cp6
CampoPrincipe;CampoPrincipe1;CP7;10020;30,67;cp7
CampoPrincipe;CampoPrincipe1;CP8;10028;30,58;cp8
CampoPrincipe;CampoPrincipe1;CP9;10024;29,63;cp9
CampoPrincipe;CampoPrincipe1;CP9;10025;29,63;cp9
CampoPrincipe;CampoPrincipe1;CP9;10029;29,63;cp9
CarloV;CarloV1;CV12;10160;31,02;cv12
CarloV;CarloV1;CV15;10156;30,38;cv15
CarloV;CarloV1;CV15;10157;30,38;cv15
CarloV;CarloV1;CV15;10158;30,38;cv15
CarloV;CarloV1;CV15;10159;30,38;cv15
CarloV;CarloV1;CV16;10135;30,72;cv16
CarloV;CarloV1;CV16;10137;30,72;cv16
CarloV;CarloV1;CV16;10149;30,72;cv16
CarloV;CarloV1;CV210;10162;31,49;cv210
CarloV;CarloV1;CV210;10163;31,49;cv210
CarloV;CarloV1;CV214;10143;30,68;cv214
CarloV;CarloV1;CV214;10144;30,68;cv214
CarloV;CarloV1;CV22;10004;31,45;cv22
CarloV;CarloV1;CV22;10005;31,45;cv22
CarloV;CarloV1;CV22;10152;31,45;cv22
CarloV;CarloV1;CV27;10006;30,51;cv27
CarloV;CarloV1;CV27;10007;30,51;cv27
CarloV;CarloV1;CV28;10161;30,63;cv28
CarloV;CarloV1;CV41;10150;30,21;cv41
CarloV;CarloV1;CV43;10138;34,43;cv43
CarloV;CarloV1;CV43;10147;34,43;cv43
CarloV;CarloV1;CV43;10148;34,43;cv43
CarloV;CarloV2;2CV11;10178;31,23;2cv11
CarloV;CarloV2;2CV11;10179;31,23;2cv11
CarloV;CarloV2;2CV15;10185;30,74;2cv15
CarloV;CarloV2;2CV15;10186;30,74;2cv15
CarloV;CarloV2;2CV23;10175;19,67;2cv23
CarloV;CarloV2;2CV25;10184;30,65;2cv25
CarloV;CarloV2;2CV31;10182;30,39;2cv31
CarloV;CarloV2;2CV31;10183;30,39;2cv31
CarloV;CarloV2;2CV33;10198;30,67;2cv33
CarloV;CarloV2;2CV33;10199;30,67;2cv33
CarloV;CarloV2;2CV34;10187;35,29;2cv34
CarloV;CarloV2;2CV34;10188;35,29;2cv34
CarloV;CarloV2;2CV34;10189;35,29;2cv34
CarloV;CarloV2;2CV34;10190;35,29;2cv34
CarloV;CarloV2;2CV34;10191;35,29;2cv34
CarloV;CarloV2;2CV41;10177;31,07;2cv41
CarloV;CarloV2;2CV51;10174;29,0;2cv51
CarloV;CarloV2;2CV61;10180;30,67;2cv61
CarloV;CarloV2;2CV61;10181;30,67;2cv61
CarloV;CarloV2;2CV62;10168;30,77;2cv62
CarloV;CarloV2;2CV62;10169;30,77;2cv62
CarloV;CarloV2;2CV62;10170;30,77;2cv62
CarloV;CarloV2;2CV62;10171;30,77;2cv62
CarloV;CarloV2;2CV62;10172;30,77;2cv62
CarloV;CarloV2;2CV62;10173;30,77;2cv62
MiradorSanNicolas;MiradorSanNicolas1;M11;10201;30,46;m11
MiradorSanNicolas;MiradorSanNicolas1;M110;10208;30,86;m110
MiradorSanNicolas;MiradorSanNicolas1;M110;10209;30,86;m110
MiradorSanNicolas;MiradorSanNicolas1;M111;10210;30,72;m111
MiradorSanNicolas;MiradorSanNicolas1;M111;10211;30,72;m111
MiradorSanNicolas;MiradorSanNicolas1;M113;10212;31,0;m113
MiradorSanNicolas;MiradorSanNicolas1;M113;10213;31,0;m113
MiradorSanNicolas;MiradorSanNicolas1;M113;10214;31,0;m113
MiradorSanNicolas;MiradorSanNicolas1;M113;10215;31,0;m113
MiradorSanNicolas;MiradorSanNicolas1;M12;10202;30,79;m12
MiradorSanNicolas;MiradorSanNicolas1;M13;10203;31,07;m13
MiradorSanNicolas;MiradorSanNicolas1;M16;10204;30,67;m16
MiradorSanNicolas;MiradorSanNicolas1;M16;10205;30,67;m16
MiradorSanNicolas;MiradorSanNicolas1;M17;10200;30,65;m17
MiradorSanNicolas;MiradorSanNicolas1;M17;10206;30,65;m17
MiradorSanNicolas;MiradorSanNicolas1;M21;10233;30,95;m21
MiradorSanNicolas;MiradorSanNicolas1;M21;10234;30,95;m21
MiradorSanNicolas;MiradorSanNicolas1;M210;10232;31,76;m210
MiradorSanNicolas;MiradorSanNicolas1;M22;10217;30,7;m22
MiradorSanNicolas;MiradorSanNicolas1;M22;10218;30,7;m22
MiradorSanNicolas;MiradorSanNicolas1;M23;10219;30,95;m23
MiradorSanNicolas;MiradorSanNicolas1;M23;10220;30,95;m23
MiradorSanNicolas;MiradorSanNicolas1;M24;10227;30,51;m24
MiradorSanNicolas;MiradorSanNicolas1;M26;10222;30,79;m26
MiradorSanNicolas;MiradorSanNicolas1;M26;10223;30,79;m26
MiradorSanNicolas;MiradorSanNicolas1;M26;10226;30,79;m26
MiradorSanNicolas;MiradorSanNicolas1;M28;10224;30,79;m28
MiradorSanNicolas;MiradorSanNicolas1;M28;10225;30,79;m28
MiradorSanNicolas;MiradorSanNicolas1;M29;10228;30,72;m29
MiradorSanNicolas;MiradorSanNicolas1;M29;10229;30,72;m29
MiradorSanNicolas;MiradorSanNicolas1;M29;10230;30,72;m29
MiradorSanNicolas;MiradorSanNicolas1;M29;10231;30,72;m29
PlazaBibRambla;PlazaBibRambla1;BIB1;10238;40,06;bib1
PlazaBibRambla;PlazaBibRambla1;BIB1;10239;40,06;bib1
PlazaBibRambla;PlazaBibRambla1;BIB10;10252;31,19;bib10
PlazaBibRambla;PlazaBibRambla1;BIB10;10255;31,19;bib10
PlazaBibRambla;PlazaBibRambla1;BIB12;10237;30,51;bib12
PlazaBibRambla;PlazaBibRambla1;BIB12;10256;30,51;bib12
PlazaBibRambla;PlazaBibRambla1;BIB13;10253;30,85;bib13
PlazaBibRambla;PlazaBibRambla1;BIB13;10254;30,85;bib13
PlazaBibRambla;PlazaBibRambla1;BIB15;10236;30,72;bib15
PlazaBibRambla;PlazaBibRambla1;BIB16;10235;30,72;bib16
PlazaBibRambla;PlazaBibRambla1;BIB3;10248;30,81;bib3
PlazaBibRambla;PlazaBibRambla1;BIB3;10249;30,81;bib3
PlazaBibRambla;PlazaBibRambla1;BIB3;10251;30,81;bib3
PlazaBibRambla;PlazaBibRambla1;BIB4;10243;34,52;bib4
PlazaBibRambla;PlazaBibRambla1;BIB4;10244;34,52;bib4
PlazaBibRambla;PlazaBibRambla1;BIB4;10245;34,52;bib4
PlazaBibRambla;PlazaBibRambla1;BIB6;10246;31,74;bib6
PlazaBibRambla;PlazaBibRambla1;BIB6;10247;31,74;bib6
PlazaBibRambla;PlazaBibRambla1;BIB9;10258;30,21;bib9
RegentsParkFields;RegentsParkFields2;RF223;10011;44,74;rf223
RegentsParkFields;RegentsParkFields2;RF223;10012;44,74;rf223
RussellSq;RussellSq3;RS308;10017;34,9;rs308
RussellSq;RussellSq3;RS308;10018;34,9;rs308
StPaulsRow;StPaulsRow1;SR116;10013;43,7;sr116
StPaulsRow;StPaulsRow1;SR116;10014;43,7;sr116
StPaulsRow;StPaulsRow1;SR129;10015;22,55;sr129
StPaulsRow;StPaulsRow1;SR129;10016;22,55;sr129
MonumentoGaribaldi;MonumentoGaribaldi1;MG101;1;30,46;mg101
MonumentoGaribaldi;MonumentoGaribaldi1;MG101;2;30,46;mg101
MonumentoGaribaldi;MonumentoGaribaldi1;MG106;3;32,46;mg106
MonumentoGaribaldi;MonumentoGaribaldi1;MG106;4;32,46;mg106
MonumentoGaribaldi;MonumentoGaribaldi1;MG108;5;31,69;mg108
MonumentoGaribaldi;MonumentoGaribaldi1;MG111;6;39,64;mg111
MonumentoGaribaldi;MonumentoGaribaldi1;MG116;12;36,82;mg116
MonumentoGaribaldi;MonumentoGaribaldi1;MG116;13;36,82;mg116
SanMarco;SanMarco1;AM02;17;30,51;am02
SanMarco;SanMarco1;AM02;18;30,51;am02
SanMarco;SanMarco1;ML101;22;30,55;ml101
SanMarco;SanMarco1;ML101;23;30,55;ml101
SanMarco;SanMarco1;ML104;24;63,36;ml104
SanMarco;SanMarco1;ML104;25;63,36;ml104
SanMarco;SanMarco1;ML105;26;30,51;ml105
SanMarco;SanMarco1;ML111;27;122,15;ml111
SanMarco;SanMarco1;ML111;28;122,15;ml111
SanMarco;SanMarco1;ML111;29;122,15;ml111
SanMarco;SanMarco1;ML111;30;122,15;ml111
SanMarco;SanMarco1;ML130;31;30,85;ml130
SanMarco;SanMarco1;ML130;32;30,85;ml130
SanMarco;SanMarco1;ML131;33;120,53;ml131
SanMarco;SanMarco1;ML131;34;120,53;ml131
SanMarco;SanMarco1;ML133;35;60,59;ml133
SanMarco;SanMarco1;ML133;36;60,59;ml133
SanMarco;SanMarco1;ML133;37;60,59;ml133
SanMarco;SanMarco1;ML133;38;60,59;ml133
SanMarco;SanMarco2;ML202;39;34,86;ml202
SanMarco;SanMarco2;ML202;40;34,86;ml202
SanMarco;SanMarco2;ML202;41;34,86;ml202
SanMarco;SanMarco2;ML203;42;49,11;ml203
SanMarco;SanMarco2;ML205;43;30,63;ml205
SanMarco;SanMarco2;ML205;44;30,63;ml205
SanMarco;SanMarco2;ML208;45;60,67;ml208
SanMarco;SanMarco2;ML208;46;60,67;ml208
SanMarco;SanMarco2;ML212;47;60,8;ml212
SanMarco;SanMarco2;ML212;48;60,8;ml212
SanMarco;SanMarco2;ML214;49;60,54;ml214
SanMarco;SanMarco2;ML214;50;60,54;ml214
SanMarco;SanMarco2;ML214;51;60,54;ml214
SanMarco;SanMarco3;SM301;52;44,25;sm301
SanMarco;SanMarco3;SM301;53;44,25;sm301
SanMarco;SanMarco3;SM303;54;34,6;sm303
SanMarco;SanMarco3;SM303;55;34,6;sm303
SanMarco;SanMarco3;SM303;56;34,6;sm303
SanMarco;SanMarco3;SM304;57;38,53;sm304
SanMarco;SanMarco3;SM304;58;38,53;sm304
SanMarco;SanMarco3;SM306;59;38,78;sm306
SanMarco;SanMarco3;SM306;60;38,78;sm306
SanMarco;SanMarco3;SM307;61;43,14;sm307
SanMarco;SanMarco3;SM307;62;43,14;sm307
SanMarco;SanMarco3;SM308;63;40,58;sm308
SanMarco;SanMarco3;SM308;64;40,58;sm308
SanMarco;SanMarco3;SM308;65;40,58;sm308
SanMarco;SanMarco3;SM309;66;34,52;sm309
SanMarco;SanMarco3;SM310;67;34,52;sm310
SanMarco;SanMarco3;SM310;68;34,52;sm310
SanMarco;SanMarco3;SM311;69;33,15;sm311
SanMarco;SanMarco3;SM312;70;34,35;sm312
SanMarco;SanMarco3;SM313;71;35,88;sm313
Noorderplantsoen;Noorderplantsoen1;NP101;2;30,89;np101
Noorderplantsoen;Noorderplantsoen1;NP101;73;30,89;np101
Noorderplantsoen;Noorderplantsoen1;NP102;88;30,76;np102
Noorderplantsoen;Noorderplantsoen1;NP106;98;30,72;np106
Noorderplantsoen;Noorderplantsoen1;NP107;97;30,63;np107
Noorderplantsoen;Noorderplantsoen1;NP108;96;32,51;np108
Noorderplantsoen;Noorderplantsoen1;NP109;3;31,66;np109
Noorderplantsoen;Noorderplantsoen1;NP110;4;30,63;np110
Noorderplantsoen;Noorderplantsoen1;NP110;90;30,63;np110
Noorderplantsoen;Noorderplantsoen1;NP111;5;30,55;np111
Noorderplantsoen;Noorderplantsoen1;NP111;87;30,55;np111
Noorderplantsoen;Noorderplantsoen1;NP112;84;30,63;np112
Noorderplantsoen;Noorderplantsoen1;NP113;83;30,55;np113
Noorderplantsoen;Noorderplantsoen1;NP114;6;30,63;np114
Noorderplantsoen;Noorderplantsoen1;NP116;7;31,27;np116
Noorderplantsoen;Noorderplantsoen1;NP116;85;31,27;np116
Noorderplantsoen;Noorderplantsoen1;NP117;8;31,36;np117
Noorderplantsoen;Noorderplantsoen1;NP118;10;30,72;np118
Noorderplantsoen;Noorderplantsoen1;NP118;9;30,72;np118
Noorderplantsoen;Noorderplantsoen1;NP119;11;31,32;np119
Noorderplantsoen;Noorderplantsoen1;NP119;79;31,32;np119
Noorderplantsoen;Noorderplantsoen1;NP120;13;31,02;np120
Noorderplantsoen;Noorderplantsoen1;NP123;15;30,89;np123
Noorderplantsoen;Noorderplantsoen1;NP123;81;30,89;np123
Noorderplantsoen;Noorderplantsoen1;NP126;16;30,93;np126
Noorderplantsoen;Noorderplantsoen1;NP127;18;30,76;np127
Noorderplantsoen;Noorderplantsoen1;NP127;17;30,76;np127
Noorderplantsoen;Noorderplantsoen1;NP128;19;31,1;np128
Noorderplantsoen;Noorderplantsoen1;NP129;20;30,76;np129
Noorderplantsoen;Noorderplantsoen1;NP129;22;30,76;np129
Noorderplantsoen;Noorderplantsoen1;NP129;21;30,76;np129
Noorderplantsoen;Noorderplantsoen1;NP131;26;31,4;np131
Noorderplantsoen;Noorderplantsoen1;NP131;27;31,4;np131
Noorderplantsoen;Noorderplantsoen1;NP132;28;31,19;np132
Noorderplantsoen;Noorderplantsoen1;NP132;78;31,19;np132
Noorderplantsoen;Noorderplantsoen1;NP133;30;32,55;np133
Noorderplantsoen;Noorderplantsoen1;NP133;31;32,55;np133
Noorderplantsoen;Noorderplantsoen1;NP134;32;34,52;np134
Noorderplantsoen;Noorderplantsoen1;NP134;77;34,52;np134
Noorderplantsoen;Noorderplantsoen1;NP135;33;27,0;np135
Noorderplantsoen;Noorderplantsoen1;NP136;34;31,19;np136
Noorderplantsoen;Noorderplantsoen1;NP136;35;31,19;np136
Noorderplantsoen;Noorderplantsoen1;NP138;36;33,58;np138
Noorderplantsoen;Noorderplantsoen1;NP138;76;33,58;np138
Noorderplantsoen;Noorderplantsoen1;NP139;37;31,53;np139
Noorderplantsoen;Noorderplantsoen1;NP139;38;31,53;np139
Noorderplantsoen;Noorderplantsoen1;NP140;39;31,49;np140
Noorderplantsoen;Noorderplantsoen1;NP140;40;31,49;np140
Noorderplantsoen;Noorderplantsoen1;NP141;74;20,1;np141
Noorderplantsoen;Noorderplantsoen1;NP141;75;20,1;np141
Noorderplantsoen;Noorderplantsoen1;NP143;41;31,23;np143
Noorderplantsoen;Noorderplantsoen1;NP146;91;30,93;np146
Noorderplantsoen;Noorderplantsoen1;NP147;42;28,53;np147
Noorderplantsoen;Noorderplantsoen1;NP148;43;31,1;np148
Noorderplantsoen;Noorderplantsoen1;NP148;44;31,1;np148
Noorderplantsoen;Noorderplantsoen1;NP149;45;22,49;np149
Noorderplantsoen;Noorderplantsoen1;NP149;46;22,49;np149
Noorderplantsoen;Noorderplantsoen1;NP150;47;22,0;np150
Noorderplantsoen;Noorderplantsoen1;NP152;48;31,49;np152
Noorderplantsoen;Noorderplantsoen1;NP153;67;28,0;np153
Noorderplantsoen;Noorderplantsoen1;NP153;71;28,0;np153
Noorderplantsoen;Noorderplantsoen1;NP153;72;28,0;np153
Noorderplantsoen;Noorderplantsoen1;NP154;49;11,5;np154
Noorderplantsoen;Noorderplantsoen1;NP155;51;11,53;np155
Noorderplantsoen;Noorderplantsoen1;NP155;50;11,53;np155
Noorderplantsoen;Noorderplantsoen1;NP155;53;11,53;np155
Noorderplantsoen;Noorderplantsoen1;NP155;52;11,53;np155
Noorderplantsoen;Noorderplantsoen1;NP156;54;20,53;np156
Noorderplantsoen;Noorderplantsoen1;NP156;93;20,53;np156
Noorderplantsoen;Noorderplantsoen1;NP156;95;20,53;np156
Noorderplantsoen;Noorderplantsoen1;NP157;94;20,74;np157
Noorderplantsoen;Noorderplantsoen1;NP158;57;25,87;np158
Noorderplantsoen;Noorderplantsoen1;NP158;55;25,87;np158
Noorderplantsoen;Noorderplantsoen1;NP160;59;17,5;np160
Noorderplantsoen;Noorderplantsoen1;NP160;60;17,5;np160
Noorderplantsoen;Noorderplantsoen1;NP161;61;18,0;np161
Noorderplantsoen;Noorderplantsoen1;NP163;70;30,0;np163
