locationid;sessionid;groupid;recordid;start_time;end_time;latitude;longitude;language;survey_version;ssi01;ssi02;ssi03;ssi04;pleasant;chaotic;vibrant;uneventful;calm;annoying;eventful;monotonous;sss01;sss02;sss03;sss04;sss05;who01;who02;who03;who04;who05;who_sum;age00;gen00;edu00;eth00;occ00;eth00_other;occ00_other;misc03;misc03_other;misc01;use00;uni00;recordinglength;lzeq_l;lzeq_min;lzeq_max;lzeq_l5;lzeq_l10;lzeq_l50;lzeq_l90;lzeq_l95;lceq_l(c);lceq_min(c);lceq_max(c);lceq_l5(c);lceq_l10(c);lceq_l50(c);lceq_l90(c);lceq_l95(c);laeq_l(a);laeq_min(a);laeq_max(a);laeq_l5(a);laeq_l10(a);laeq_l50(a);laeq_l90(a);laeq_l95(a);n_n5;n_min;n_max;n_n10;n_n50;n_n90;n_n95;s_s;s_min;s_max;s_s5;s_s10;s_s50;s_s90;s_s95;r_r;r_min;r_max;r_r5;r_r10;r_r50;r_r90;r_r95;t_tonalityhms;t_min;t_max;t_t5;t_t10;t_t50;t_t90;t_t95;fs_f;fs_min;fs_max;fs_f5;fs_f10;fs_f50;fs_f90;fs_f95;i_i;i_min;i_max;i_i5;i_i10;i_i50;i_i90;i_i95;sil4_sil(rms);sil4_sil(av);sil4_min;sil4_max;sil4_sil5;sil4_sil10;sil4_sil50;sil4_sil90;sil4_sil95;ra_cp;ra_min;ra_max;ra_cp5;ra_cp10;ra_cp50;ra_cp90;ra_cp95;thd_thd;thd_min;thd_max;thd_l5;thd_l10;thd_l50;thd_l90;thd_l95;ISOPleasant;ISOEventful
SanMarco;SanMarco1;AM06;30;2019-02-28 13:35:30;2019-02-28 13:48:52;45,433663;12,339658;eng;engISO2018;1,0;4,0;3,0;1,0;3,0;4,0;4,0;3,0;2,0;2,0;3,0;1,0;4,0;4,0;3,0;2,0;3,0;4,0;4,0;3,0;3,0;2,0;64,0;;Female;UniversityGraduate;White;Employed;;;Tourist;;;PassingThrough;Couple;33,83;72,74;69,12;78,68;75,65;74,48;72,41;70,93;70,45;72,37;68,8;78,61;75,43;74,19;71,94;70,5;70,07;68,14;63,28;77,11;72,12;70,74;67,1;64,78;64,44;24,3;0,0;32,4;22,6;19,0;16,9;16,4;1,81;0,0;2,57;2,13;2,03;1,79;1,63;1,59;0,0402;0,0196;0,12;0,0595;0,0537;0,0387;0,0289;0,0265;0,3;0,0;2,32;0,747;0,56;0,233;0,115;0,0943;0,027;0,0113;0,0654;0,0533;0,0479;0,0224;0,0136;0,0129;0,367;0,185;0,666;0,528;0,489;0,351;0,276;0,26;58,89;57,93;53,71;66,61;62,51;61,41;57,68;55,78;55,26;14,6;1,96;62,7;28,6;24,2;13,0;6,83;5,66;-1,99;-10,84;63,43;40,29;30,96;9,51;-6,71;-8,09;0,17677669529663678;0,36611652351681556
SanMarco;SanMarco1;AM06;31;2019-02-28 13:30:58;2019-02-28 13:48:30;45,433663;12,339658;eng;engISO2018;1,0;4,0;4,0;2,0;3,0;2,0;2,0;2,0;5,0;2,0;4,0;4,0;2,0;3,0;2,0;1,0;5,0;2,0;2,0;3,0;1,0;1,0;36,0;;Male;UniversityGraduate;White;Employed;;;Tourist;;;PassingThrough;Couple;33,83;72,74;69,12;78,68;75,65;74,48;72,41;70,93;70,45;72,37;68,8;78,61;75,43;74,19;71,94;70,5;70,07;68,14;63,28;77,11;72,12;70,74;67,1;64,78;64,44;24,3;0,0;32,4;22,6;19,0;16,9;16,4;1,81;0,0;2,57;2,13;2,03;1,79;1,63;1,59;0,0402;0,0196;0,12;0,0595;0,0537;0,0387;0,0289;0,0265;0,3;0,0;2,32;0,747;0,56;0,233;0,115;0,0943;0,027;0,0113;0,0654;0,0533;0,0479;0,0224;0,0136;0,0129;0,367;0,185;0,666;0,528;0,489;0,351;0,276;0,26;58,89;57,93;53,71;66,61;62,51;61,41;57,68;55,78;55,26;14,6;1,96;62,7;28,6;24,2;13,0;6,83;5,66;-1,99;-10,84;63,43;40,29;30,96;9,51;-6,71;-8,09;0,1767766952966367;-0,1590097423302681
SanMarco;SanMarco1;AM07;32;2019-02-28 13:48:34;2019-02-28 14:01:07;45,433663;12,339658;eng;engISO2018;1,0;1,0;4,0;4,0;5,0;1,0;5,0;1,0;1,0;1,0;5,0;1,0;5,0;4,0;3,0;1,0;5,0;5,0;4,0;5,0;1,0;5,0;80,0;;Female;TradeTechVocation;White;Employed;;;Tourist;;;Arriving;Alone;30,46;70,9;68,17;75,07;72,98;72,24;70,61;69,34;68,97;70,73;67,91;75,01;72,87;72,12;70,42;69,11;68,73;66,75;61,78;71,56;69,38;68,73;66,34;64,26;63,87;22,0;0,0;29,5;21,0;18,5;16,6;16,1;1,82;0,0;3,02;2,16;2,01;1,78;1,65;1,62;0,0413;0,0207;0,108;0,0611;0,0543;0,0398;0,0292;0,0265;0,254;0,0;1,7;0,622;0,473;0,208;0,0826;0,0611;0,0171;0,00725;0,0638;0,0304;0,0262;0,0157;0,0104;0,01;0,348;0,196;1,62;0,54;0,466;0,316;0,258;0,245;58,11;57,46;51,71;63,68;60,39;59,64;57,45;55,34;54,96;11,8;1,01;77,8;26,1;20,2;9,88;5,35;4,48;-1,64;-8,69;57,6;38,88;30,32;10,63;-5,23;-6,22;0,7071067811865476;0,7071067811865476
MonumentoGaribaldi;MonumentoGaribaldi1;MG102;206;2019-03-03 11:18:00;2019-03-03 11:28:00;45,431837;12,354908;eng;engISO2018;1,0;1,0;2,0;4,0;2,0;4,0;2,0;1,0;4,0;3,0;4,0;1,0;4,0;5,0;2,0;2,0;3,0;1,0;1,0;2,0;2,0;1,0;28,0;;Male;SomeHighSchool;White;Employed;;;;;;Arriving;Couple;32,34;62,27;57,44;67,85;64,73;64,2;61,96;59,16;58,68;61,85;56,94;67,44;64,39;63,79;61,51;58,75;58,26;54,66;47,32;65,01;59,76;58,41;51,78;49,13;48,74;11,3;0,0;19,8;10,4;7,41;6,25;6,03;1,41;0,0;3,61;1,84;1,7;1,36;1,16;1,12;0,026;0,0108;0,125;0,0425;0,0376;0,0246;0,0172;0,0153;0,24;0,0;1,7;0,587;0,436;0,181;0,0629;0,0385;0,0344;0,00762;0,194;0,0954;0,0692;0,0239;0,0139;0,0112;0,481;0,225;1,79;1,08;0,736;0,418;0,297;0,273;46,24;43,63;37,52;56,09;49,87;49,01;42,89;39,9;39,13;11,4;0,136;78,4;28,1;21,9;8,79;3,95;2,99;-2,73;-9,5;55,63;31,49;19,16;9,87;-1,78;-3,57;-0,030330085889910697;0,38388347648318444
MonumentoGaribaldi;MonumentoGaribaldi1;MG103;3;2019-03-03 11:23:00;2019-03-03 11:29:00;45,431837;12,354908;eng;engISO2018;2,0;1,0;3,0;2,0;5,0;1,0;1,0;3,0;3,0;1,0;1,0;1,0;4,0;4,0;2,0;1,0;2,0;4,0;4,0;2,0;3,0;3,0;64,0;;Male;SomeCollege;White;Employed;;;Tourist;;;Staying;Alone;30,51;59,55;56,07;64,06;61,77;61,14;59,21;57,48;57,13;58,96;55,42;63,25;61,26;60,61;58,66;56,75;56,43;49,8;45,3;61,18;53,27;50,96;48,43;46,46;46,13;9,09;0,0;17,4;8,14;6,68;5,64;5,45;1,93;0,0;3,01;2,47;2,37;1,92;1,53;1,46;0,0219;0,0106;0,111;0,0369;0,0294;0,0202;0,0151;0,0141;0,109;0,0;0,43;0,222;0,194;0,0885;0,0181;0,0103;0,0107;0,00448;0,0215;0,0191;0,0168;0,00993;0,00651;0,00533;0,461;0,272;1,5;0,763;0,585;0,424;0,343;0,322;42,76;41,09;36,68;53,93;46,34;43,69;40,65;38,54;37,98;6,66;0,112;46,5;14,1;11,4;5,74;2,81;2,18;-9,08;-7,97;53,15;22,75;19,07;8,73;-5,73;-6,39;0,5606601717798213;-0,3535533905932738
MonumentoGaribaldi;MonumentoGaribaldi1;MG104;4;2019-03-03 11:22:00;2019-03-03 11:33:00;45,431837;12,354908;eng;engISO2018;1,0;1,0;3,0;5,0;4,0;2,0;3,0;2,0;5,0;1,0;2,0;2,0;5,0;4,0;2,0;1,0;3,0;4,0;5,0;3,0;4,0;2,0;72,0;;Male;UniversityGraduate;White;Student;;;Tourist;;;Arriving;Alone;34,65;56,24;53,33;63,43;58,61;57,78;55,8;54,67;54,36;55,54;52,63;61,76;58,08;57,19;54,97;53,82;53,53;50,35;45,05;61,17;53,52;52,12;48,96;47,1;46,63;7,82;0,0;15,9;7,32;6,06;5,25;5,04;1,72;0,0;2,95;2,17;2,02;1,68;1,46;1,41;0,026;0,0104;0,109;0,044;0,036;0,0237;0,0176;0,0161;0,104;0,0;0,691;0,26;0,181;0,0343;0,00592;0,00301;0,0163;0,00833;0,0736;0,0288;0,0249;0,0141;0,00966;0,00878;0,7;0,333;1,53;1,19;1,08;0,631;0,446;0,406;43,29;42,06;37,54;53,77;46,16;44,49;41,73;39,66;39,13;8,56;0,187;52,7;19,0;14,9;7,36;3,42;2,61;-3,62;-14,51;49,38;23,34;18,61;4,1;-8,99;-10,65;0,6035533905932737;-0,14644660940672632
MonumentoGaribaldi;MonumentoGaribaldi1;MG104;5;2019-03-03 11:29:00;2019-03-03 11:35:00;45,431837;12,354908;eng;engISO2018;2,0;2,0;4,0;3,0;3,0;3,0;4,0;3,0;3,0;2,0;4,0;2,0;4,0;5,0;3,0;1,0;4,0;4,0;3,0;3,0;4,0;4,0;72,0;;Male;SomeCollege;Other;Student;;;Tourist;;;PassingThrough;Couple;34,65;56,24;53,33;63,43;58,61;57,78;55,8;54,67;54,36;55,54;52,63;61,76;58,08;57,19;54,97;53,82;53,53;50,35;45,05;61,17;53,52;52,12;48,96;47,1;46,63;7,82;0,0;15,9;7,32;6,06;5,25;5,04;1,72;0,0;2,95;2,17;2,02;1,68;1,46;1,41;0,026;0,0104;0,109;0,044;0,036;0,0237;0,0176;0,0161;0,104;0,0;0,691;0,26;0,181;0,0343;0,00592;0,00301;0,0163;0,00833;0,0736;0,0288;0,0249;0,0141;0,00966;0,00878;0,7;0,333;1,53;1,19;1,08;0,631;0,446;0,406;43,29;42,06;37,54;53,77;46,16;44,49;41,73;39,66;39,13;8,56;0,187;52,7;19,0;14,9;7,36;3,42;2,61;-3,62;-14,51;49,38;23,34;18,61;4,1;-8,99;-10,65;0,24999999999999992;0,2500000000000001
MonumentoGaribaldi;MonumentoGaribaldi1;MG105;203;2019-03-03 11:27:00;2019-03-03 11:37:00;45,431837;12,354908;eng;engISO2018;4,0;1,0;1,0;2,0;4,0;1,0;3,0;3,0;4,0;4,0;2,0;3,0;4,0;2,0;3,0;3,0;3,0;4,0;3,0;3,0;2,0;2,0;56,0;;Male;SomePostgraduate;White;;;;;;;Staying;Couple;34,13;58,36;54,45;63,95;60,95;60,3;57,77;55,98;55,56;57,43;53,58;63,02;60,06;59,52;56,85;55,05;54,64;53,03;45,38;62,05;57,27;56,36;51,37;47,12;46,73;10,4;0,0;15,3;9,47;6,77;5,35;5,1;1,72;0,0;3,11;2,27;2,14;1,66;1,41;1,36;0,0324;0,0127;0,17;0,0622;0,0516;0,0281;0,0191;0,0174;0,0711;0,0;0,519;0,166;0,11;0,0261;0,00346;0,000675;0,0392;0,00589;0,115;0,104;0,0858;0,0326;0,00936;0,00835;0,712;0,282;1,78;1,28;1,1;0,657;0,424;0,388;45,68;43,96;36,99;54,04;49,67;48,78;43,98;39,01;38,59;10,3;0,376;56,9;26,5;20,6;7,84;3,54;2,8;-2,02;-6,12;48,53;28,51;20,76;8,56;-3,32;-4,15;0,2196699141100893;-0,32322330470336313
MonumentoGaribaldi;MonumentoGaribaldi1;MG106;6;2019-03-03 11:35:00;2019-03-03 11:45:00;45,431837;12,354908;eng;engISO2018;2,0;2,0;4,0;4,0;5,0;4,0;5,0;3,0;5,0;2,0;3,0;2,0;5,0;5,0;1,0;1,0;3,0;3,0;1,0;2,0;2,0;1,0;36,0;;Female;SomeCollege;White;Student;;;Local;;;Staying;Group;32,46;63,31;59,89;68,44;65,04;64,5;63,15;61,72;61,4;62,3;58,43;65,75;63,71;63,41;62,26;60,66;60,18;50,6;46,91;62,28;53,51;52,33;49,56;48,11;47,87;8,49;0,0;15,8;7,93;6,61;5,93;5,79;1,31;0,0;2,45;1,72;1,57;1,26;1,12;1,09;0,0289;0,0135;0,119;0,0495;0,0398;0,0264;0,0191;0,0176;0,161;0,0;0,904;0,34;0,289;0,136;0,0245;0,014;0,0128;0,00458;0,0346;0,0286;0,0219;0,0115;0,00617;0,00576;0,595;0,252;1,67;1,14;0,982;0,533;0,344;0,315;41,9;40,85;37,24;54,56;44,98;44,0;40,39;38,39;38,07;7,28;0,373;48,9;18,0;13,7;5,76;2,7;2,08;-8,91;-13,23;56,9;24,42;15,66;1,55;-9,56;-10,97;0,6035533905932737;0,14644660940672613
MonumentoGaribaldi;MonumentoGaribaldi1;MG109;8;2019-03-03 11:47:00;2019-03-03 11:59:00;45,431837;12,354908;eng;engISO2018;3,0;4,0;3,0;2,0;4,0;2,0;2,0;4,0;3,0;2,0;4,0;3,0;4,0;3,0;3,0;1,0;3,0;3,0;3,0;4,0;3,0;4,0;68,0;;Female;SomeCollege;White;Employed;;;Tourist;;;Arriving;Couple;33,58;68,68;55,91;80,65;76,22;73,94;61,08;58,15;57,51;68,64;55,31;80,67;76,23;73,94;60,6;57,66;56,97;67,2;48,29;79,27;75,12;72,83;56,34;50,72;49,8;20,6;0,0;32,2;16,5;8,84;6,79;6,49;1,6;0,0;2,65;2,04;1,91;1,56;1,35;1,31;0,0329;0,0117;0,121;0,0628;0,0539;0,0283;0,0192;0,0174;0,216;0,0;1,71;0,646;0,481;0,139;0,0364;0,0227;0,0963;0,01;0,329;0,235;0,206;0,0787;0,0193;0,0135;0,457;0,197;1,06;0,701;0,629;0,43;0,316;0,287;56,86;49,93;39,93;67,54;63,75;61,68;47,98;42,78;41,7;15,8;0,358;120,0;56,2;34,1;9,99;4,65;3,7;-9,7;-16,64;58,41;38,36;26,23;0,76;-12,89;-13,91;0,20710678118654735;-0,14644660940672613
MonumentoGaribaldi;MonumentoGaribaldi1;MG109;9;2019-03-03 11:45:00;2019-03-03 12:00:00;45,431837;12,354908;eng;engISO2018;1,0;1,0;3,0;2,0;4,0;3,0;2,0;2,0;4,0;2,0;4,0;2,0;4,0;4,0;2,0;1,0;3,0;4,0;3,0;3,0;2,0;4,0;64,0;;Male;UniversityGraduate;White;Employed;;;Tourist;;;PassingThrough;Couple;33,58;68,68;55,91;80,65;76,22;73,94;61,08;58,15;57,51;68,64;55,31;80,67;76,23;73,94;60,6;57,66;56,97;67,2;48,29;79,27;75,12;72,83;56,34;50,72;49,8;20,6;0,0;32,2;16,5;8,84;6,79;6,49;1,6;0,0;2,65;2,04;1,91;1,56;1,35;1,31;0,0329;0,0117;0,121;0,0628;0,0539;0,0283;0,0192;0,0174;0,216;0,0;1,71;0,646;0,481;0,139;0,0364;0,0227;0,0963;0,01;0,329;0,235;0,206;0,0787;0,0193;0,0135;0,457;0,197;1,06;0,701;0,629;0,43;0,316;0,287;56,86;49,93;39,93;67,54;63,75;61,68;47,98;42,78;41,7;15,8;0,358;120,0;56,2;34,1;9,99;4,65;3,7;-9,7;-16,64;58,41;38,36;26,23;0,76;-12,89;-13,91;0,28033008588991054;0,13388347648318438
MonumentoGaribaldi;MonumentoGaribaldi1;MG110;10;2019-03-03 12:00:00;2019-03-03 12:10:00;45,431837;12,354908;eng;engISO2018;1,0;1,0;4,0;4,0;4,0;2,0;1,0;2,0;1,0;3,0;4,0;2,0;3,0;4,0;3,0;5,0;3,0;3,0;1,0;2,0;0,0;2,0;32,0;;Male;SomeCollege;White;Student;;;Local;;Sometimes the sound of animals their barking really annoy;Arriving;Couple;30,59;59,57;56,17;66,47;62,36;61,49;58,95;57,48;57,18;58,89;55,6;66,0;61,8;60,93;58,24;56,73;56,37;54,2;47,39;63,43;58,3;57,03;53,24;49,64;49,22;10,7;0,0;13,7;9,92;7,82;6,35;6,12;1,71;0,0;2,71;2,2;2,06;1,67;1,42;1,38;0,0253;0,013;0,0734;0,0396;0,0345;0,0243;0,0181;0,0163;0,185;0,0;1,45;0,559;0,367;0,0959;0,0176;0,0106;0,0172;0,00703;0,0359;0,0293;0,0256;0,0165;0,0108;0,00931;0,462;0,221;0,977;0,623;0,582;0,456;0,352;0,321;46,37;45,01;39,31;52,34;49,86;48,64;45,15;41,44;40,98;10,4;0,427;42,7;22,1;18,8;9,0;3,94;3,13;-2,79;-7,59;49,78;28,38;20,1;6,67;-5,42;-6,06;-0,04289321881345256;0,20710678118654763
MonumentoGaribaldi;MonumentoGaribaldi1;MG111;202;2019-03-03 12:04:00;2019-03-03 12:14:00;45,431837;12,354908;eng;engISO2018;1,0;2,0;4,0;3,0;5,0;3,0;4,0;1,0;3,0;1,0;4,0;1,0;5,0;4,0;3,0;1,0;4,0;5,0;5,0;4,0;3,0;5,0;88,0;;Male;HighSchoolGraduate;White;Employed;;;;;;Leaving;Couple;39,64;66,96;59,74;71,7;69,52;69,18;66,99;61,77;61,15;65,85;58,77;70,36;68,59;68,24;65,66;60,89;60,23;59,79;49,92;67,1;63,47;62,9;58,49;53,67;52,52;14,5;0,0;17,9;13,9;10,8;7,77;7,17;1,42;0,0;2,39;1,8;1,71;1,38;1,19;1,16;0,0588;0,0143;0,243;0,13;0,109;0,0477;0,0264;0,0227;0,222;0,0;1,81;0,488;0,401;0,193;0,0469;0,0258;0,0133;0,00344;0,0747;0,0414;0,0271;0,00847;0,00502;0,0044;0,447;0,194;1,27;0,697;0,607;0,428;0,309;0,278;50,02;48,23;39,45;57,22;53,76;52,69;48,26;43,37;42,17;8,97;0,238;59,3;20,7;16,7;7,32;3,27;2,51;-1,38;-12,69;58,65;33,19;20,96;4,23;-9,5;-10,52;0,6338834764831843;0,5303300858899108
MonumentoGaribaldi;MonumentoGaribaldi1;MG114;14;2019-03-03 12:25:00;2019-03-03 12:30:00;45,431837;12,354908;eng;engISO2018;1,0;1,0;4,0;1,0;4,0;3,0;3,0;3,0;2,0;3,0;3,0;2,0;3,0;4,0;3,0;1,0;3,0;4,0;5,0;4,0;4,0;5,0;88,0;;Female;PostgraduateDegree;RatherNotSay;Employed;;;Tourist;;;PassingThrough;Couple;39,98;62,0;55,69;70,2;66,38;64,81;60,8;58,2;57,64;61,68;55,26;70,19;66,23;64,63;60,37;57,67;57,11;59,2;49,75;68,58;65,04;62,45;56,98;52,74;52,19;14,5;0,0;21,7;13,0;9,8;7,72;7,36;1,88;0,0;3,04;2,45;2,3;1,82;1,56;1,51;0,0304;0,0149;0,123;0,0483;0,0419;0,0281;0,0207;0,0192;0,165;0,0;1,72;0,505;0,349;0,081;0,0158;0,00846;0,0365;0,00996;0,118;0,0958;0,0674;0,0306;0,0142;0,0126;0,498;0,247;1,23;0,766;0,672;0,479;0,352;0,326;51,6;49,26;41,97;62,15;56,0;54,14;49,13;45,02;44,36;13,4;0,488;68,7;29,1;24,3;11,4;5,09;3,96;-1,07;-1,95;49,0;32,26;26,68;11,91;0,34;-0,28;0,10355339059327358;0,14644660940672632
MonumentoGaribaldi;MonumentoGaribaldi1;MG114;211;2019-03-03 12:25:20;2019-03-03 12:30:27;45,431837;12,354908;eng;engISO2018;1,0;1,0;4,0;2,0;5,0;2,0;4,0;4,0;5,0;1,0;3,0;2,0;4,0;5,0;3,0;1,0;3,0;3,0;2,0;4,0;5,0;5,0;76,0;;Male;PostgraduateDegree;White;Employed;;;;;;Staying;Couple;39,98;62,0;55,69;70,2;66,38;64,81;60,8;58,2;57,64;61,68;55,26;70,19;66,23;64,63;60,37;57,67;57,11;59,2;49,75;68,58;65,04;62,45;56,98;52,74;52,19;14,5;0,0;21,7;13,0;9,8;7,72;7,36;1,88;0,0;3,04;2,45;2,3;1,82;1,56;1,51;0,0304;0,0149;0,123;0,0483;0,0419;0,0281;0,0207;0,0192;0,165;0,0;1,72;0,505;0,349;0,081;0,0158;0,00846;0,0365;0,00996;0,118;0,0958;0,0674;0,0306;0,0142;0,0126;0,498;0,247;1,23;0,766;0,672;0,479;0,352;0,326;51,6;49,26;41,97;62,15;56,0;54,14;49,13;45,02;44,36;13,4;0,488;68,7;29,1;24,3;11,4;5,09;3,96;-1,07;-1,95;49,0;32,26;26,68;11,91;0,34;-0,28;0,7803300858899105;-0,17677669529663692
MonumentoGaribaldi;MonumentoGaribaldi1;MG118;212;2019-03-03 12:47:35;2019-03-03 12:54:56;45,431837;12,354908;eng;engISO2018;1,0;1,0;3,0;2,0;5,0;1,0;3,0;3,0;4,0;1,0;3,0;3,0;5,0;5,0;1,0;3,0;5,0;5,0;4,0;4,0;3,0;4,0;80,0;;Female;SomeCollege;White;Employed;;;;;Pleasant;Arriving;Couple;35,33;63,53;56,42;71,82;67,01;65,7;62,47;60,37;59,1;61,46;54,15;69,4;64,22;63,47;60,84;57,99;56,67;51,23;46,5;62,21;54,25;53,12;50,13;48,06;47,69;8,57;0,0;13,7;8,05;6,65;5,68;5,46;1,39;0,0;2,23;1,76;1,63;1,36;1,19;1,15;0,027;0,0113;0,0844;0,0447;0,0362;0,0254;0,0183;0,0168;0,147;0,0;1,45;0,474;0,28;0,0629;0,0115;0,00637;0,0134;0,00422;0,0367;0,0276;0,0256;0,0124;0,00619;0,00567;0,443;0,232;1,09;0,798;0,705;0,391;0,294;0,277;43,24;41,78;36,97;52,32;45,64;44,64;41,5;38,87;38,29;7,23;0,255;37,7;16,2;13,2;6,09;2,83;2,25;-2,82;-16,78;54,96;25,24;17,1;-2,78;-14,82;-15,36;0,6338834764831843;-0,2196699141100895
MonumentoGaribaldi;MonumentoGaribaldi1;MG119;19;2019-03-03 12:55:00;2019-03-03 12:59:00;45,431837;12,354908;eng;engISO2018;1,0;2,0;3,0;4,0;4,0;2,0;3,0;4,0;4,0;2,0;2,0;1,0;4,0;4,0;2,0;1,0;3,0;4,0;4,0;4,0;4,0;4,0;80,0;;Female;SomeCollege;White;Student;;;Tourist;;;Leaving;Couple;35,46;56,82;52,49;63,98;59,84;59,03;56,07;53,92;53,63;55,81;51,63;63,57;58,78;57,64;55,13;53,1;52,72;52,77;46,12;62,06;56,96;55,8;51,01;47,99;47,57;9,08;0,0;12,1;8,43;6,45;5,34;5,16;1,63;0,0;2,53;1,97;1,88;1,6;1,42;1,38;0,0244;0,0118;0,113;0,0342;0,0317;0,0236;0,0175;0,0161;0,248;0,0;1,33;0,755;0,577;0,133;0,0239;0,0121;0,0314;0,00553;0,121;0,0918;0,0773;0,0191;0,00805;0,00706;0,445;0,241;1,25;0,687;0,58;0,416;0,32;0,299;44,71;43,09;38,22;52,96;48,14;47,11;42,62;39,73;39,4;8,39;0,374;40,0;17,9;14,9;7,34;3,25;2,5;-1,41;-15,81;45,93;29,56;17,52;0,8;-12,95;-13,64;0,49999999999999983;-0,20710678118654754
MonumentoGaribaldi;MonumentoGaribaldi1;MG119;213;2019-03-03 12:55:00;2019-03-03 12:59:59;45,431837;12,354908;eng;engISO2018;2,0;2,0;4,0;4,0;5,0;4,0;5,0;2,0;5,0;1,0;4,0;1,0;5,0;5,0;2,0;1,0;5,0;4,0;4,0;3,0;3,0;5,0;76,0;;Male;UniversityGraduate;White;Student;;;;;;Leaving;Couple;35,46;56,82;52,49;63,98;59,84;59,03;56,07;53,92;53,63;55,81;51,63;63,57;58,78;57,64;55,13;53,1;52,72;52,77;46,12;62,06;56,96;55,8;51,01;47,99;47,57;9,08;0,0;12,1;8,43;6,45;5,34;5,16;1,63;0,0;2,53;1,97;1,88;1,6;1,42;1,38;0,0244;0,0118;0,113;0,0342;0,0317;0,0236;0,0175;0,0161;0,248;0,0;1,33;0,755;0,577;0,133;0,0239;0,0121;0,0314;0,00553;0,121;0,0918;0,0773;0,0191;0,00805;0,00706;0,445;0,241;1,25;0,687;0,58;0,416;0,32;0,299;44,71;43,09;38,22;52,96;48,14;47,11;42,62;39,73;39,4;8,39;0,374;40,0;17,9;14,9;7,34;3,25;2,5;-1,41;-15,81;45,93;29,56;17,52;0,8;-12,95;-13,64;0,7803300858899106;0,42677669529663687
SanMarco;SanMarco1;ML103;36;2019-02-28 12:57:42;2019-02-28 13:03:04;45,433663;12,339658;eng;engISO2018;1,0;3,0;4,0;2,0;2,0;4,0;4,0;1,0;1,0;1,0;5,0;3,0;3,0;4,0;4,0;1,0;3,0;1,0;2,0;0,0;4,0;3,0;40,0;;Male;HighSchoolGraduate;White;Student;;;Other;Alma Mater Bologna;;;;45,4;72,43;67,75;79,42;75,98;74,93;71,42;69,81;69,44;72,15;67,32;79,22;75,77;74,68;71,07;69,48;69,07;69,12;61,13;75,49;72,86;71,76;68,13;66,06;64,91;27,0;0,0;32,7;25,1;20,7;18,1;17,2;1,97;0,0;3,03;2,22;2,17;1,96;1,78;1,74;0,0412;0,0177;0,136;0,062;0,056;0,0393;0,028;0,0253;0,375;0,0;1,55;0,856;0,702;0,32;0,114;0,0794;0,0148;0,00746;0,0541;0,0306;0,0203;0,0125;0,00912;0,0084;0,331;0,213;0,8;0,434;0,397;0,325;0,265;0,251;60,88;60,02;52,72;66,93;64,35;63,15;59,82;57,75;56,6;10,3;0,802;52,3;19,9;16,8;9,31;5,06;4,22;-1,48;-10,56;58,8;45,59;35,16;7,97;-7,96;-8,71;-0,04289321881345251;0,7071067811865476
SanMarco;SanMarco1;ML103;37;2019-02-28 12:57:42;2019-02-28 13:03:04;45,433663;12,339658;eng;engISO2018;1,0;3,0;5,0;1,0;4,0;4,0;4,0;2,0;3,0;3,0;4,0;1,0;4,0;4,0;3,0;3,0;4,0;3,0;2,0;3,0;4,0;4,0;64,0;;Male;SomeCollege;White;Student;;;Tourist;;;;;45,4;72,43;67,75;79,42;75,98;74,93;71,42;69,81;69,44;72,15;67,32;79,22;75,77;74,68;71,07;69,48;69,07;69,12;61,13;75,49;72,86;71,76;68,13;66,06;64,91;27,0;0,0;32,7;25,1;20,7;18,1;17,2;1,97;0,0;3,03;2,22;2,17;1,96;1,78;1,74;0,0412;0,0177;0,136;0,062;0,056;0,0393;0,028;0,0253;0,375;0,0;1,55;0,856;0,702;0,32;0,114;0,0794;0,0148;0,00746;0,0541;0,0306;0,0203;0,0125;0,00912;0,0084;0,331;0,213;0,8;0,434;0,397;0,325;0,265;0,251;60,88;60,02;52,72;66,93;64,35;63,15;59,82;57,75;56,6;10,3;0,802;52,3;19,9;16,8;9,31;5,06;4,22;-1,48;-10,56;58,8;45,59;35,16;7,97;-7,96;-8,71;0,24999999999999986;0,5
SanMarco;SanMarco1;ML103;38;2019-02-28 12:33:17;2019-02-28 13:03:04;45,433663;12,339658;eng;engISO2018;1,0;4,0;4,0;2,0;2,0;5,0;4,0;4,0;1,0;2,0;4,0;2,0;2,0;2,0;4,0;1,0;3,0;4,0;4,0;4,0;2,0;5,0;76,0;;Female;PostgraduateDegree;White;Student;;;Tourist;;;PassingThrough;Group;45,4;72,43;67,75;79,42;75,98;74,93;71,42;69,81;69,44;72,15;67,32;79,22;75,77;74,68;71,07;69,48;69,07;69,12;61,13;75,49;72,86;71,76;68,13;66,06;64,91;27,0;0,0;32,7;25,1;20,7;18,1;17,2;1,97;0,0;3,03;2,22;2,17;1,96;1,78;1,74;0,0412;0,0177;0,136;0,062;0,056;0,0393;0,028;0,0253;0,375;0,0;1,55;0,856;0,702;0,32;0,114;0,0794;0,0148;0,00746;0,0541;0,0306;0,0203;0,0125;0,00912;0,0084;0,331;0,213;0,8;0,434;0,397;0,325;0,265;0,251;60,88;60,02;52,72;66,93;64,35;63,15;59,82;57,75;56,6;10,3;0,802;52,3;19,9;16,8;9,31;5,06;4,22;-1,48;-10,56;58,8;45,59;35,16;7,97;-7,96;-8,71;-0,14644660940672632;0,4393398282201787
SanMarco;SanMarco1;ML103;39;2019-02-28 12:57:42;2019-02-28 13:04:51;45,433663;12,339658;eng;engISO2018;1,0;3,0;5,0;2,0;3,0;4,0;4,0;1,0;2,0;3,0;4,0;2,0;3,0;4,0;3,0;1,0;3,0;4,0;4,0;4,0;3,0;4,0;76,0;;Female;;White;Student;;;Tourist;;;PassingThrough;Group;45,4;72,43;67,75;79,42;75,98;74,93;71,42;69,81;69,44;72,15;67,32;79,22;75,77;74,68;71,07;69,48;69,07;69,12;61,13;75,49;72,86;71,76;68,13;66,06;64,91;27,0;0,0;32,7;25,1;20,7;18,1;17,2;1,97;0,0;3,03;2,22;2,17;1,96;1,78;1,74;0,0412;0,0177;0,136;0,062;0,056;0,0393;0,028;0,0253;0,375;0,0;1,55;0,856;0,702;0,32;0,114;0,0794;0,0148;0,00746;0,0541;0,0306;0,0203;0,0125;0,00912;0,0084;0,331;0,213;0,8;0,434;0,397;0,325;0,265;0,251;60,88;60,02;52,72;66,93;64,35;63,15;59,82;57,75;56,6;10,3;0,802;52,3;19,9;16,8;9,31;5,06;4,22;-1,48;-10,56;58,8;45,59;35,16;7,97;-7,96;-8,71;-9,197388681172371e-17;0,6035533905932737
SanMarco;SanMarco1;ML106;43;2019-02-28 13:04:56;2019-02-28 13:17:43;45,433663;12,339658;eng;engISO2018;1,0;2,0;1,0;1,0;5,0;2,0;3,0;2,0;5,0;1,0;3,0;3,0;3,0;3,0;2,0;2,0;4,0;5,0;5,0;5,0;4,0;4,0;92,0;;Male;SomeCollege;White;Student;;;Tourist;;;;;32,26;70,41;67,32;76,51;72,18;71,63;70,21;68,52;68,18;70,16;67,0;76,4;72,01;71,37;69,96;68,23;67,89;65,73;61,32;73,78;68,09;67,43;65,2;63,0;62,5;20,2;0,0;30,0;19,4;16,9;14,9;14,5;1,74;0,0;2,71;2,06;1,96;1,7;1,55;1,52;0,0434;0,0194;0,211;0,0674;0,0584;0,0405;0,0295;0,0268;0,363;0,0;1,54;0,855;0,677;0,305;0,107;0,0796;0,0202;0,00974;0,0473;0,0342;0,0306;0,018;0,0117;0,0108;0,322;0,179;0,781;0,448;0,406;0,318;0,24;0,22;56,32;55,64;51,31;65,73;58,98;57,83;55,44;53,37;52,93;11,4;0,984;65,9;23,0;19,2;10,1;5,38;4,49;-1,47;-10,88;58,17;38,02;28,07;8,65;-8,73;-9,55;0,6338834764831843;-0,11611652351681571
SanMarco;SanMarco1;ML106;44;2019-02-28 13:04:56;2019-02-28 13:17:43;45,433663;12,339658;eng;engISO2018;1,0;1,0;3,0;1,0;5,0;1,0;3,0;1,0;5,0;1,0;3,0;1,0;3,0;2,0;2,0;3,0;4,0;5,0;4,0;4,0;5,0;2,0;80,0;;Male;SomeCollege;White;Student;;;Tourist;;;;;32,26;70,41;67,32;76,51;72,18;71,63;70,21;68,52;68,18;70,16;67,0;76,4;72,01;71,37;69,96;68,23;67,89;65,73;61,32;73,78;68,09;67,43;65,2;63,0;62,5;20,2;0,0;30,0;19,4;16,9;14,9;14,5;1,74;0,0;2,71;2,06;1,96;1,7;1,55;1,52;0,0434;0,0194;0,211;0,0674;0,0584;0,0405;0,0295;0,0268;0,363;0,0;1,54;0,855;0,677;0,305;0,107;0,0796;0,0202;0,00974;0,0473;0,0342;0,0306;0,018;0,0117;0,0108;0,322;0,179;0,781;0,448;0,406;0,318;0,24;0,22;56,32;55,64;51,31;65,73;58,98;57,83;55,44;53,37;52,93;11,4;0,984;65,9;23,0;19,2;10,1;5,38;4,49;-1,47;-10,88;58,17;38,02;28,07;8,65;-8,73;-9,55;0,8535533905932738;0,06066017177982121
SanMarco;SanMarco1;ML106;45;2019-02-28 13:12:09;2019-02-28 13:18:20;45,433663;12,339658;eng;engISO2018;2,0;1,0;2,0;1,0;4,0;3,0;3,0;3,0;4,0;3,0;3,0;3,0;4,0;2,0;3,0;1,0;3,0;3,0;3,0;3,0;2,0;2,0;52,0;;Female;SomeCollege;White;Student;;;Tourist;;;PassingThrough;Group;32,26;70,41;67,32;76,51;72,18;71,63;70,21;68,52;68,18;70,16;67,0;76,4;72,01;71,37;69,96;68,23;67,89;65,73;61,32;73,78;68,09;67,43;65,2;63,0;62,5;20,2;0,0;30,0;19,4;16,9;14,9;14,5;1,74;0,0;2,71;2,06;1,96;1,7;1,55;1,52;0,0434;0,0194;0,211;0,0674;0,0584;0,0405;0,0295;0,0268;0,363;0,0;1,54;0,855;0,677;0,305;0,107;0,0796;0,0202;0,00974;0,0473;0,0342;0,0306;0,018;0,0117;0,0108;0,322;0,179;0,781;0,448;0,406;0,318;0,24;0,22;56,32;55,64;51,31;65,73;58,98;57,83;55,44;53,37;52,93;11,4;0,984;65,9;23,0;19,2;10,1;5,38;4,49;-1,47;-10,88;58,17;38,02;28,07;8,65;-8,73;-9,55;0,17677669529663675;-0,07322330470336307
SanMarco;SanMarco1;ML106;46;2019-02-28 13:04:56;2019-02-28 13:17:43;45,433663;12,339658;eng;engISO2018;1,0;1,0;3,0;3,0;4,0;1,0;2,0;1,0;4,0;3,0;4,0;1,0;3,0;3,0;3,0;1,0;3,0;4,0;5,0;3,0;3,0;4,0;76,0;;Male;SomeCollege;White;Student;;;Tourist;;;;;32,26;70,41;67,32;76,51;72,18;71,63;70,21;68,52;68,18;70,16;67,0;76,4;72,01;71,37;69,96;68,23;67,89;65,73;61,32;73,78;68,09;67,43;65,2;63,0;62,5;20,2;0,0;30,0;19,4;16,9;14,9;14,5;1,74;0,0;2,71;2,06;1,96;1,7;1,55;1,52;0,0434;0,0194;0,211;0,0674;0,0584;0,0405;0,0295;0,0268;0,363;0,0;1,54;0,855;0,677;0,305;0,107;0,0796;0,0202;0,00974;0,0473;0,0342;0,0306;0,018;0,0117;0,0108;0,322;0,179;0,781;0,448;0,406;0,318;0,24;0,22;56,32;55,64;51,31;65,73;58,98;57,83;55,44;53,37;52,93;11,4;0,984;65,9;23,0;19,2;10,1;5,38;4,49;-1,47;-10,88;58,17;38,02;28,07;8,65;-8,73;-9,55;0,3964466094067262;0,16421356237309506
SanMarco;SanMarco1;ML106;47;2019-02-28 13:04:56;2019-02-28 13:17:43;45,433663;12,339658;eng;engISO2018;2,0;2,0;2,0;2,0;3,0;3,0;3,0;3,0;3,0;3,0;3,0;3,0;4,0;3,0;2,0;1,0;3,0;3,0;2,0;2,0;2,0;2,0;44,0;;Male;SomeCollege;White;Student;;;Tourist;;;PassingThrough;Group;32,26;70,41;67,32;76,51;72,18;71,63;70,21;68,52;68,18;70,16;67,0;76,4;72,01;71,37;69,96;68,23;67,89;65,73;61,32;73,78;68,09;67,43;65,2;63,0;62,5;20,2;0,0;30,0;19,4;16,9;14,9;14,5;1,74;0,0;2,71;2,06;1,96;1,7;1,55;1,52;0,0434;0,0194;0,211;0,0674;0,0584;0,0405;0,0295;0,0268;0,363;0,0;1,54;0,855;0,677;0,305;0,107;0,0796;0,0202;0,00974;0,0473;0,0342;0,0306;0,018;0,0117;0,0108;0,322;0,179;0,781;0,448;0,406;0,318;0,24;0,22;56,32;55,64;51,31;65,73;58,98;57,83;55,44;53,37;52,93;11,4;0,984;65,9;23,0;19,2;10,1;5,38;4,49;-1,47;-10,88;58,17;38,02;28,07;8,65;-8,73;-9,55;-9,197388681172371e-17;9,197388681172371e-17
SanMarco;SanMarco1;ML112;53;2019-02-28 14:09:48;2019-02-28 14:15:24;45,433663;12,339658;eng;engISO2018;1,0;3,0;5,0;4,0;5,0;3,0;4,0;1,0;4,0;2,0;4,0;4,0;4,0;5,0;3,0;1,0;4,0;2,0;2,0;3,0;4,0;4,0;60,0;;Female;SomeCollege;White;Student;;;Tourist;;;;;30,59;71,4;67,82;76,24;74,24;73,47;70,9;69,22;68,84;71,27;67,31;76,18;74,17;73,37;70,75;69,01;68,63;67,28;62,01;74,38;70,96;69,36;66,4;64,28;63,78;23,2;0,0;32,0;22,0;18,8;16,5;15,9;1,8;0,0;3,3;2,11;1,99;1,76;1,64;1,6;0,0403;0,0189;0,135;0,0601;0,0543;0,0389;0,0286;0,0264;0,295;0,0;1,3;0,726;0,554;0,237;0,1;0,0672;0,0178;0,00747;0,0522;0,0356;0,0313;0,0167;0,0109;0,0096;0,337;0,184;0,761;0,508;0,449;0,325;0,252;0,238;58,47;57,63;52,94;66,51;61,51;60,07;57,42;55,48;54,71;12,1;1,04;57,4;26,2;21,2;10,1;5,43;4,41;-2,46;-9,26;59,1;40,4;29,74;9,91;-6,88;-7,53;0,3838834764831843;0,23743686707645834
SanMarco;SanMarco1;ML112;54;2019-02-28 14:09:48;2019-02-28 14:15:24;45,433663;12,339658;eng;engISO2018;2,0;3,0;4,0;4,0;5,0;3,0;4,0;2,0;2,0;1,0;4,0;2,0;4,0;4,0;4,0;2,0;3,0;3,0;2,0;1,0;2,0;4,0;48,0;;Female;UniversityGraduate;MixedMultipleEthnicGroups;Student;;;Tourist;;;PassingThrough;Group;30,59;71,4;67,82;76,24;74,24;73,47;70,9;69,22;68,84;71,27;67,31;76,18;74,17;73,37;70,75;69,01;68,63;67,28;62,01;74,38;70,96;69,36;66,4;64,28;63,78;23,2;0,0;32,0;22,0;18,8;16,5;15,9;1,8;0,0;3,3;2,11;1,99;1,76;1,64;1,6;0,0403;0,0189;0,135;0,0601;0,0543;0,0389;0,0286;0,0264;0,295;0,0;1,3;0,726;0,554;0,237;0,1;0,0672;0,0178;0,00747;0,0522;0,0356;0,0313;0,0167;0,0109;0,0096;0,337;0,184;0,761;0,508;0,449;0,325;0,252;0,238;58,47;57,63;52,94;66,51;61,51;60,07;57,42;55,48;54,71;12,1;1,04;57,4;26,2;21,2;10,1;5,43;4,41;-2,46;-9,26;59,1;40,4;29,74;9,91;-6,88;-7,53;0,4874368670764581;0,42677669529663703
SanMarco;SanMarco1;ML112;55;2019-02-28 14:15:24;2019-02-28 14:18:33;45,433663;12,339658;eng;engISO2018;1,0;1,0;5,0;4,0;3,0;4,0;4,0;3,0;2,0;2,0;4,0;3,0;4,0;4,0;3,0;2,0;4,0;2,0;2,0;2,0;2,0;4,0;48,0;;Male;TradeTechVocation;Other;Employed;Hispanic;;Other;Student;;Leaving;Group;30,59;71,4;67,82;76,24;74,24;73,47;70,9;69,22;68,84;71,27;67,31;76,18;74,17;73,37;70,75;69,01;68,63;67,28;62,01;74,38;70,96;69,36;66,4;64,28;63,78;23,2;0,0;32,0;22,0;18,8;16,5;15,9;1,8;0,0;3,3;2,11;1,99;1,76;1,64;1,6;0,0403;0,0189;0,135;0,0601;0,0543;0,0389;0,0286;0,0264;0,295;0,0;1,3;0,726;0,554;0,237;0,1;0,0672;0,0178;0,00747;0,0522;0,0356;0,0313;0,0167;0,0109;0,0096;0,337;0,184;0,761;0,508;0,449;0,325;0,252;0,238;58,47;57,63;52,94;66,51;61,51;60,07;57,42;55,48;54,71;12,1;1,04;57,4;26,2;21,2;10,1;5,43;4,41;-2,46;-9,26;59,1;40,4;29,74;9,91;-6,88;-7,53;0,030330085889910558;0,3232233047033631
SanMarco;SanMarco1;ML132;60;2019-02-28 14:55:30;2019-02-28 15:05:06;45,433663;12,339658;eng;engISO2018;1,0;1,0;4,0;2,0;1,0;4,0;3,0;5,0;1,0;4,0;5,0;1,0;2,0;4,0;4,0;3,0;3,0;4,0;1,0;3,0;4,0;5,0;68,0;;Male;SomeCollege;White;Retired;;;Tourist;;;Leaving;Couple;60,76;72,43;68,7;79,47;74,69;73,79;72,04;70,55;70,19;72,19;68,23;79,25;74,55;73,62;71,74;70,26;69,85;69,32;63,96;77,78;72,45;71,25;68,52;66,25;65,58;26,0;0,0;38,4;24,8;21,2;18,5;17,9;2,02;0,0;3,6;2,35;2,24;1,98;1,82;1,78;0,0397;0,017;0,0813;0,058;0,0527;0,0385;0,0284;0,0264;0,304;0,0;2,52;0,775;0,598;0,233;0,0789;0,0573;0,0171;0,00647;0,0611;0,0316;0,0271;0,0154;0,00962;0,00845;0,347;0,223;1,7;0,481;0,435;0,333;0,274;0,257;61,35;60,48;55,86;69,95;63,93;63,15;60,42;57,86;57,28;11,9;1,23;100,0;23,6;19,2;10,4;5,97;4,99;-1,13;-9,67;60,85;45,23;35,03;9,73;-6,71;-7,34;-0,3838834764831845;0,36611652351681573
SanMarco;SanMarco1;ML132;61;2019-02-28 14:53:19;2019-02-28 15:04:00;45,433663;12,339658;eng;engISO2018;1,0;1,0;4,0;1,0;3,0;4,0;3,0;3,0;1,0;3,0;3,0;1,0;3,0;2,0;3,0;2,0;3,0;3,0;3,0;4,0;3,0;4,0;68,0;;Female;HighSchoolGraduate;White;Retired;;;Tourist;;;Leaving;Couple;60,76;72,43;68,7;79,47;74,69;73,79;72,04;70,55;70,19;72,19;68,23;79,25;74,55;73,62;71,74;70,26;69,85;69,32;63,96;77,78;72,45;71,25;68,52;66,25;65,58;26,0;0,0;38,4;24,8;21,2;18,5;17,9;2,02;0,0;3,6;2,35;2,24;1,98;1,82;1,78;0,0397;0,017;0,0813;0,058;0,0527;0,0385;0,0284;0,0264;0,304;0,0;2,52;0,775;0,598;0,233;0,0789;0,0573;0,0171;0,00647;0,0611;0,0316;0,0271;0,0154;0,00962;0,00845;0,347;0,223;1,7;0,481;0,435;0,333;0,274;0,257;61,35;60,48;55,86;69,95;63,93;63,15;60,42;57,86;57,28;11,9;1,23;100,0;23,6;19,2;10,4;5,97;4,99;-1,13;-9,67;60,85;45,23;35,03;9,73;-6,71;-7,34;-0,07322330470336316;0,3661165235168156
SanMarco;SanMarco2;ML204;73;2019-03-01 13:24:49;2019-03-01 13:40:42;45,433663;12,339658;eng;engISO2018;1,0;3,0;4,0;2,0;3,0;2,0;3,0;3,0;2,0;3,0;2,0;2,0;3,0;2,0;2,0;3,0;4,0;3,0;3,0;3,0;2,0;4,0;60,0;;Male;UniversityGraduate;White;Retired;;;Tourist;;;PassingThrough;Alone;32,38;72,16;68,58;79,27;74,74;73,97;71,6;69,92;69,57;71,53;68,05;79,13;74,33;73,51;70,86;69,33;68,94;67,0;60,46;76,71;70,97;69,72;65,66;63,38;63,04;24,0;0,0;32,4;22,3;17,9;15,9;15,5;1,86;0,0;3,07;2,29;2,13;1,82;1,69;1,66;0,0477;0,0177;0,299;0,116;0,0767;0,0375;0,0269;0,0248;0,24;0,0;2,23;0,695;0,543;0,161;0,0434;0,0286;0,0319;0,00843;0,0775;0,0695;0,0617;0,0299;0,0133;0,0101;0,344;0,202;0,757;0,482;0,437;0,332;0,267;0,252;58,75;57,48;51,96;66,4;62,23;61,01;57,03;54,78;54,12;14,4;1,14;62,6;30,2;25,0;12,4;6,19;5,06;-1,56;-12,37;59,11;40,52;32,27;8,05;-10,4;-10,95;0,07322330470336298;-0,030330085889910607
SanMarco;SanMarco2;ML206;76;2019-03-01 13:50:53;2019-03-01 13:57:44;45,433663;12,339658;eng;engISO2018;1,0;2,0;4,0;4,0;4,0;2,0;2,0;3,0;2,0;3,0;4,0;2,0;3,0;4,0;3,0;1,0;4,0;1,0;3,0;3,0;4,0;4,0;60,0;;Female;PostgraduateDegree;White;Student;;;Tourist;;No;Staying;Couple;60,89;70,27;65,89;77,28;72,96;72,37;69,65;67,98;67,56;69,89;65,52;77,23;72,8;72,16;69,15;67,52;67,06;65,72;58,36;74,28;70,22;69,31;63,95;60,79;60,26;21,6;0,0;30,2;20,4;16,4;13,8;13,3;1,92;0,0;4,05;2,66;2,45;1,8;1,6;1,56;0,0363;0,0148;0,16;0,0562;0,0481;0,0339;0,0243;0,0217;0,491;0,0;2,87;1,92;1,58;0,239;0,0473;0,0305;0,0259;0,00774;0,072;0,053;0,0494;0,0212;0,00979;0,00863;0,411;0,14;0,977;0,695;0,605;0,389;0,27;0,233;57,38;55,56;50,03;65,71;60,45;59,11;55,21;52,08;51,58;13,9;0,608;80,5;32,0;25,8;11,7;5,32;4,29;-2,16;1,31;59,22;37,02;29,79;13,72;5,58;4,34;0,10355339059327358;0,10355339059327377
SanMarco;SanMarco2;ML206;77;2019-03-01 13:49:34;2019-03-01 13:57:22;45,433663;12,339658;eng;engISO2018;1,0;2,0;4,0;2,0;3,0;1,0;4,0;1,0;3,0;1,0;2,0;1,0;4,0;2,0;3,0;3,0;5,0;4,0;4,0;4,0;3,0;4,0;76,0;;Male;;White;Student;;;Tourist;;No;Staying;Couple;60,89;70,27;65,89;77,28;72,96;72,37;69,65;67,98;67,56;69,89;65,52;77,23;72,8;72,16;69,15;67,52;67,06;65,72;58,36;74,28;70,22;69,31;63,95;60,79;60,26;21,6;0,0;30,2;20,4;16,4;13,8;13,3;1,92;0,0;4,05;2,66;2,45;1,8;1,6;1,56;0,0363;0,0148;0,16;0,0562;0,0481;0,0339;0,0243;0,0217;0,491;0,0;2,87;1,92;1,58;0,239;0,0473;0,0305;0,0259;0,00774;0,072;0,053;0,0494;0,0212;0,00979;0,00863;0,411;0,14;0,977;0,695;0,605;0,389;0,27;0,233;57,38;55,56;50,03;65,71;60,45;59,11;55,21;52,08;51,58;13,9;0,608;80,5;32,0;25,8;11,7;5,32;4,29;-2,16;1,31;59,22;37,02;29,79;13,72;5,58;4,34;0,573223304703363;0,1767766952966369
SanMarco;SanMarco2;ML209;80;2019-03-01 14:12:00;2019-03-01 14:22:00;45,433663;12,339658;eng;engISO2018;1,0;1,0;3,0;2,0;4,0;1,0;3,0;3,0;4,0;1,0;3,0;1,0;4,0;4,0;3,0;1,0;4,0;3,0;1,0;1,0;1,0;3,0;36,0;;Male;HighSchoolGraduate;White;Employed;;;Tourist;;;;Couple;30,38;73,29;65,55;85,18;78,89;76,74;70,82;66,99;66,6;72,16;64,99;85,1;76,99;75,43;69,42;66,36;66,0;68,16;58,77;84,46;73,6;69,52;61,73;60,04;59,75;25,2;0,0;49,9;20,8;14,6;13,3;13,0;1,77;0,0;2,8;2,23;2,09;1,72;1,58;1,55;0,0521;0,0169;0,504;0,145;0,0887;0,0355;0,0256;0,0234;0,178;0,0;2,45;0,568;0,356;0,0674;0,0104;0,00574;0,0548;0,00599;0,346;0,228;0,152;0,0191;0,00848;0,00735;0,464;0,241;1,89;0,839;0,653;0,407;0,315;0,287;60,04;54,85;49,58;74,46;64,8;60,16;53,49;51,44;51,02;14,3;0,362;101,0;41,8;30,9;9,49;4,49;3,61;-0,79;-9,32;63,02;41,62;33,55;8,89;-6,19;-7,26;0,6767766952966369;-0,07322330470336316
SanMarco;SanMarco2;ML209;81;2019-03-01 14:10:00;2019-03-01 14:20:00;45,433663;12,339658;eng;engISO2018;1,0;1,0;4,0;1,0;4,0;5,0;4,0;1,0;1,0;2,0;4,0;1,0;4,0;5,0;2,0;1,0;3,0;4,0;2,0;4,0;1,0;4,0;60,0;;Female;SomeHighSchool;White;Employed;;;Tourist;;;Staying;Couple;30,38;73,29;65,55;85,18;78,89;76,74;70,82;66,99;66,6;72,16;64,99;85,1;76,99;75,43;69,42;66,36;66,0;68,16;58,77;84,46;73,6;69,52;61,73;60,04;59,75;25,2;0,0;49,9;20,8;14,6;13,3;13,0;1,77;0,0;2,8;2,23;2,09;1,72;1,58;1,55;0,0521;0,0169;0,504;0,145;0,0887;0,0355;0,0256;0,0234;0,178;0,0;2,45;0,568;0,356;0,0674;0,0104;0,00574;0,0548;0,00599;0,346;0,228;0,152;0,0191;0,00848;0,00735;0,464;0,241;1,89;0,839;0,653;0,407;0,315;0,287;60,04;54,85;49,58;74,46;64,8;60,16;53,49;51,44;51,02;14,3;0,362;101,0;41,8;30,9;9,49;4,49;3,61;-0,79;-9,32;63,02;41,62;33,55;8,89;-6,19;-7,26;0,13388347648318438;0,8232233047033631
SanMarco;SanMarco2;ML210;82;2019-03-01 14:38:57;2019-03-01 14:43:29;45,433663;12,339658;eng;engISO2018;1,0;1,0;4,0;3,0;5,0;1,0;4,0;2,0;5,0;1,0;4,0;2,0;5,0;4,0;3,0;1,0;5,0;3,0;3,0;1,0;1,0;5,0;52,0;;Female;SomeCollege;MixedMultipleEthnicGroups;Student;;;Tourist;;It's beautiful and peaceful !;Staying;Couple;30,59;72,68;69,13;80,51;76,41;75,22;71,44;70,17;69,92;71,38;68,17;78,17;74,33;73,33;70,62;69,49;69,19;64,58;60,68;74,33;67,52;66,6;63,82;61,82;61,37;20,3;0,0;27,2;19,4;16,9;15,0;14,5;1,78;0,0;2,55;2,04;1,96;1,76;1,61;1,57;0,0337;0,0165;0,0764;0,0474;0,044;0,033;0,0249;0,0228;0,182;0,0;1,23;0,576;0,384;0,129;0,0324;0,0203;0,0175;0,00511;0,0485;0,0331;0,0274;0,0166;0,00768;0,00619;0,357;0,211;0,697;0,501;0,45;0,344;0,281;0,27;56,26;55,52;51,45;62,26;58,98;58,24;55,36;53,11;52,71;11,3;0,427;51,8;23,7;19,8;9,92;5,05;4,15;-3,9;-11,51;64,49;37,88;30,64;6,76;-8,62;-9,67;0,8535533905932737;0,06066017177982121
SanMarco;SanMarco2;ML210;83;2019-03-01 14:38:24;2019-03-01 14:42:54;45,433663;12,339658;eng;engISO2018;1,0;1,0;3,0;2,0;5,0;4,0;4,0;1,0;4,0;1,0;4,0;1,0;5,0;4,0;3,0;1,0;4,0;5,0;4,0;3,0;1,0;4,0;68,0;;Female;SomeCollege;AsianAsianBritish;Student;;;Tourist;;;Staying;Couple;30,59;72,68;69,13;80,51;76,41;75,22;71,44;70,17;69,92;71,38;68,17;78,17;74,33;73,33;70,62;69,49;69,19;64,58;60,68;74,33;67,52;66,6;63,82;61,82;61,37;20,3;0,0;27,2;19,4;16,9;15,0;14,5;1,78;0,0;2,55;2,04;1,96;1,76;1,61;1,57;0,0337;0,0165;0,0764;0,0474;0,044;0,033;0,0249;0,0228;0,182;0,0;1,23;0,576;0,384;0,129;0,0324;0,0203;0,0175;0,00511;0,0485;0,0331;0,0274;0,0166;0,00768;0,00619;0,357;0,211;0,697;0,501;0,45;0,344;0,281;0,27;56,26;55,52;51,45;62,26;58,98;58,24;55,36;53,11;52,71;11,3;0,427;51,8;23,7;19,8;9,92;5,05;4,15;-3,9;-11,51;64,49;37,88;30,64;6,76;-8,62;-9,67;0,6338834764831843;0,5303300858899106
SanMarco;SanMarco2;ML211;84;2019-03-01 14:37:00;2019-03-01 14:47:00;45,433663;12,339658;eng;engISO2018;1,0;2,0;3,0;1,0;3,0;4,0;2,0;3,0;4,0;3,0;3,0;2,0;3,0;4,0;3,0;1,0;3,0;3,0;2,0;3,0;1,0;3,0;48,0;;Male;SomeHighSchool;White;Employed;;;Tourist;;;;Couple;31,32;74,64;69,41;83,5;78,21;76,88;73,64;71,36;70,92;72,53;68,45;80,6;75,61;74,58;71,7;70,08;69,67;64,24;61,49;69,7;66,09;65,47;63,96;62,7;62,41;19,3;0,0;25,3;18,7;17,0;15,7;15,2;1,76;0,0;2,32;1,99;1,91;1,75;1,64;1,61;0,0362;0,0194;0,0755;0,0542;0,0486;0,0351;0,0274;0,025;0,134;0,0;1,04;0,385;0,272;0,0754;0,0169;0,00997;0,00955;0,00479;0,0259;0,0176;0,0126;0,00858;0,00607;0,00556;0,364;0,222;0,825;0,503;0,452;0,354;0,277;0,26;55,61;55,36;52,94;59,91;57,52;56,93;55,24;54,18;53,91;8,89;0,9;38,7;16,9;14,4;8,05;4,48;3,61;-1,73;-10,26;66,33;37,56;28,13;6,33;-8,02;-8,64;-1,8394777362344743e-16;-9,197388681172371e-17
SanMarco;SanMarco2;ML213;88;2019-03-01 14:50:00;2019-03-01 15:00:00;45,433663;12,339658;eng;engISO2018;1,0;4,0;4,0;2,0;5,0;4,0;4,0;1,0;2,0;3,0;5,0;1,0;3,0;4,0;3,0;3,0;4,0;4,0;4,0;5,0;3,0;3,0;76,0;;Male;HighSchoolGraduate;White;Employed;;;Tourist;;;Staying;Alone;31,19;73,29;69,25;83,48;76,47;74,71;72,19;70,43;70,15;72,83;68,84;83,46;75,82;73,84;71,79;70,05;69,76;69,93;64,66;82,22;73,24;71,41;68,48;66,1;65,75;26,3;0,0;39,0;25,0;21,8;19,3;18,9;2,11;0,0;2,91;2,4;2,32;2,09;1,93;1,9;0,0377;0,0176;0,0993;0,058;0,0505;0,0362;0,0269;0,0247;0,277;0,0;2,11;0,722;0,564;0,209;0,064;0,0418;0,0255;0,00925;0,0903;0,0726;0,0549;0,0193;0,012;0,00991;0,343;0,213;0,889;0,471;0,422;0,332;0,269;0,255;62,27;61,09;57,1;70,11;64,51;63,47;60,91;58,79;58,48;12,5;1,07;97,4;27,1;20,9;10,2;5,63;4,64;-0,43;-8,15;58,75;44,64;36,71;9,67;-5,85;-6,47;0,28033008588991054;0,7803300858899107
SanMarco;SanMarco3;SM302;94;2019-03-03 14:52:00;2019-03-03 15:02:00;45,433663;12,339658;eng;engISO2018;1,0;2,0;4,0;1,0;2,0;2,0;3,0;1,0;1,0;4,0;5,0;2,0;2,0;5,0;4,0;2,0;3,0;3,0;4,0;4,0;3,0;4,0;72,0;;Male;HighSchoolGraduate;White;Employed;;;Tourist;;It's Carneval in Venice;Leaving;Couple;23,89;76,62;72,63;85,23;81,49;78,27;75,15;73,64;73,28;76,4;72,28;85,21;81,45;78,1;74,9;73,24;72,91;74,09;67,89;83,82;79,73;76,23;72,03;69,9;69,44;38,2;0,0;53,7;31,3;25,5;22,7;22,1;2,19;0,0;4,05;2,74;2,48;2,12;1,98;1,95;0,0533;0,0234;0,339;0,107;0,0706;0,0462;0,0336;0,0308;0,304;0,0;2,3;0,779;0,59;0,228;0,0759;0,0535;0,0354;0,0108;0,183;0,114;0,0678;0,0283;0,0131;0,0123;0,398;0,247;1,29;0,644;0,525;0,364;0,302;0,285;66,44;64,26;59,52;76,05;72,25;68,9;63,7;61,48;60,92;17,1;1,53;104,0;43,4;32,4;13,6;7,22;6,13;-1,01;-5,58;61,97;49,26;40,27;14,32;-3,38;-3,92;-0,20710678118654763;0,5606601717798214
SanMarco;SanMarco3;SM305;100;2019-03-03 15:09:00;2019-03-03 15:19:00;45,433663;12,339658;eng;engISO2018;4,0;1,0;5,0;2,0;2,0;4,0;4,0;1,0;4,0;4,0;5,0;5,0;5,0;2,0;5,0;1,0;3,0;4,0;4,0;4,0;3,0;3,0;72,0;;Female;HighSchoolGraduate;White;Student;;;Tourist;;;PassingThrough;Group;31,83;75,78;72,44;82,52;78,56;77,48;75,3;73,69;73,31;75,47;72,27;82,5;78,08;77,24;75,04;73,42;73,08;72,98;68,92;81,85;75,66;74,97;72,31;70,27;69,95;32,4;0,0;38,6;30,5;26,0;23,3;22,8;2,18;0,0;2,94;2,53;2,43;2,15;2,01;1,99;0,0451;0,0208;0,115;0,0677;0,0603;0,0437;0,0319;0,0296;0,338;0,0;4,62;0,867;0,655;0,239;0,0666;0,0477;0,0279;0,0122;0,0643;0,0548;0,0499;0,0239;0,015;0,0139;0,36;0,21;0,904;0,509;0,456;0,345;0,279;0,263;64,73;64,0;60,39;70,08;67,59;66,57;63,75;61,82;61,49;15,2;1,02;57,5;30,0;24,7;13,6;7,58;6,34;-0,58;-4,05;60,48;47,5;36,52;14,19;-1,48;-2,16;-0,2803300858899108;0,3409902576697319
SanMarco;SanMarco3;SM305;101;2019-03-03 15:09:00;2019-03-03 15:19:00;45,433663;12,339658;eng;engISO2018;1,0;2,0;5,0;1,0;4,0;5,0;5,0;1,0;1,0;4,0;5,0;1,0;4,0;5,0;5,0;3,0;3,0;4,0;3,0;4,0;4,0;4,0;76,0;;Female;HighSchoolGraduate;White;Employed;;;Tourist;;;PassingThrough;Group;31,83;75,78;72,44;82,52;78,56;77,48;75,3;73,69;73,31;75,47;72,27;82,5;78,08;77,24;75,04;73,42;73,08;72,98;68,92;81,85;75,66;74,97;72,31;70,27;69,95;32,4;0,0;38,6;30,5;26,0;23,3;22,8;2,18;0,0;2,94;2,53;2,43;2,15;2,01;1,99;0,0451;0,0208;0,115;0,0677;0,0603;0,0437;0,0319;0,0296;0,338;0,0;4,62;0,867;0,655;0,239;0,0666;0,0477;0,0279;0,0122;0,0643;0,0548;0,0499;0,0239;0,015;0,0139;0,36;0,21;0,904;0,509;0,456;0,345;0,279;0,263;64,73;64,0;60,39;70,08;67,59;66,57;63,75;61,82;61,49;15,2;1,02;57,5;30,0;24,7;13,6;7,58;6,34;-0,58;-4,05;60,48;47,5;36,52;14,19;-1,48;-2,16;0,0;1,0
SanMarco;SanMarco3;SM309;109;2019-03-03 15:44:00;2019-03-03 15:54:00;45,433663;12,339658;eng;engISO2018;2,0;1,0;5,0;1,0;2,0;4,0;3,0;1,0;1,0;1,0;5,0;1,0;2,0;4,0;4,0;1,0;3,0;3,0;3,0;2,0;4,0;3,0;60,0;;RatherNotSay;HighSchoolGraduate;White;Employed;;;Tourist;;;Arriving;Couple;34,52;75,42;72,43;81,3;78,03;77,39;75,2;73,47;73,11;75,31;72,29;81,29;77,93;77,29;75,1;73,34;72,98;73,17;68,78;79,63;76,02;75,36;72,77;70,6;70,17;32,8;0,0;47,2;31,2;26,6;23,7;23,1;2,21;0,0;3,78;2,58;2,48;2,18;2,05;2,01;0,0464;0,0235;0,103;0,0662;0,0614;0,0451;0,0337;0,0309;0,371;0,0;3,14;1,0;0,76;0,268;0,0825;0,0577;0,0289;0,0119;0,0748;0,0599;0,0495;0,0278;0,0161;0,0151;0,381;0,203;0,839;0,612;0,527;0,355;0,288;0,267;65,39;64,39;60,27;71,59;68,03;67,31;64,34;62,39;62,01;16,0;2,64;62,3;31,2;26,4;14,3;7,78;6,49;-0,48;-4,96;59,29;47,21;38,56;14,52;-2,34;-3,15;0,030330085889910697;0,7803300858899108
SanMarco;SanMarco3;SM313;116;2019-03-03 16:24:00;2019-03-03 16:34:00;45,433663;12,339658;eng;engISO2018;1,0;2,0;4,0;1,0;4,0;4,0;4,0;2,0;2,0;2,0;3,0;1,0;4,0;5,0;3,0;1,0;3,0;4,0;3,0;3,0;3,0;4,0;68,0;;Female;HighSchoolGraduate;White;Employed;;;Tourist;;;Leaving;Couple;35,88;75,92;71,49;84,29;78,6;77,9;75,31;73,03;72,68;75,77;71,28;84,27;78,46;77,79;75,13;72,83;72,49;73,46;67,87;83,54;76,39;75,85;72,61;69,87;69,21;33,2;0,0;47,7;32,0;26,7;22,8;21,9;2,16;0,0;3,29;2,48;2,38;2,14;1,99;1,95;0,0486;0,0219;0,479;0,0679;0,0614;0,0444;0,0334;0,0309;0,391;0,0;2,87;0,975;0,764;0,289;0,0824;0,059;0,0237;0,00702;0,0765;0,0503;0,0385;0,0206;0,0115;0,00954;0,347;0,202;0,702;0,463;0,42;0,34;0,281;0,262;65,48;64,45;59,45;73,92;67,87;67,4;64,32;61,65;60,98;13,8;1,69;59,5;26,7;22,0;12,5;7,48;6,24;-0,81;-5,65;60,41;48,8;39,58;12,41;-3,92;-4,45;0,28033008588991054;0,4696699141100893
SanMarco;SanMarco3;SM314;117;2019-03-03 16:35:00;2019-03-03 16:45:00;45,433663;12,339658;eng;engISO2018;1,0;1,0;4,0;3,0;4,0;5,0;4,0;4,0;2,0;3,0;4,0;2,0;4,0;4,0;4,0;1,0;3,0;4,0;4,0;4,0;3,0;4,0;76,0;;Male;HighSchoolGraduate;White;Student;;;Tourist;;;Arriving;Group;32,47;79,08;71,81;86,97;83,19;82,26;77,85;74,41;73,63;78,96;71,43;86,97;83,14;82,14;77,67;74,19;73,27;77,06;66,93;84,59;81,8;80,58;75,25;71,01;69,4;44,9;0,0;57,5;41,6;30,3;24,0;22,5;2,37;0,0;4,01;3,01;2,82;2,3;2,02;1,95;0,0794;0,0229;0,515;0,227;0,149;0,0549;0,0346;0,0318;0,445;0,0;2,6;1,19;0,938;0,334;0,089;0,0638;0,0817;0,0177;0,229;0,171;0,13;0,0758;0,0407;0,0269;0,438;0,235;1,09;0,691;0,603;0,403;0,315;0,286;69,45;67,27;58,47;77,56;73,88;72,34;66,87;62,75;60,89;24,3;2,11;86,6;50,5;42,9;21,4;9,59;7,75;-5,94;-3,9;62,31;52,53;44,89;18,9;-0,52;-1,9;0,030330085889910513;0,3661165235168156
SanMarco;SanMarco3;SM314;118;2019-03-03 16:35:00;2019-03-03 16:45:00;45,433663;12,339658;eng;engISO2018;2,0;2,0;4,0;4,0;3,0;2,0;4,0;3,0;4,0;4,0;4,0;2,0;3,0;4,0;3,0;1,0;3,0;1,0;2,0;4,0;3,0;2,0;48,0;;Female;TradeTechVocation;White;Student;;;Tourist;;;Arriving;Group;32,47;79,08;71,81;86,97;83,19;82,26;77,85;74,41;73,63;78,96;71,43;86,97;83,14;82,14;77,67;74,19;73,27;77,06;66,93;84,59;81,8;80,58;75,25;71,01;69,4;44,9;0,0;57,5;41,6;30,3;24,0;22,5;2,37;0,0;4,01;3,01;2,82;2,3;2,02;1,95;0,0794;0,0229;0,515;0,227;0,149;0,0549;0,0346;0,0318;0,445;0,0;2,6;1,19;0,938;0,334;0,089;0,0638;0,0817;0,0177;0,229;0,171;0,13;0,0758;0,0407;0,0269;0,438;0,235;1,09;0,691;0,603;0,403;0,315;0,286;69,45;67,27;58,47;77,56;73,88;72,34;66,87;62,75;60,89;24,3;2,11;86,6;50,5;42,9;21,4;9,59;7,75;-5,94;-3,9;62,31;52,53;44,89;18,9;-0,52;-1,9;0,1893398282201785;0,10355339059327377
SanMarco;SanMarco3;SM314;119;2019-03-03 16:35:00;2019-03-03 16:45:00;45,433663;12,339658;eng;engISO2018;1,0;4,0;5,0;2,0;3,0;3,0;2,0;2,0;1,0;1,0;5,0;1,0;4,0;4,0;3,0;1,0;4,0;5,0;4,0;5,0;1,0;5,0;80,0;;Female;TradeTechVocation;White;Student;;;Tourist;;;Arriving;Group;32,47;79,08;71,81;86,97;83,19;82,26;77,85;74,41;73,63;78,96;71,43;86,97;83,14;82,14;77,67;74,19;73,27;77,06;66,93;84,59;81,8;80,58;75,25;71,01;69,4;44,9;0,0;57,5;41,6;30,3;24,0;22,5;2,37;0,0;4,01;3,01;2,82;2,3;2,02;1,95;0,0794;0,0229;0,515;0,227;0,149;0,0549;0,0346;0,0318;0,445;0,0;2,6;1,19;0,938;0,334;0,089;0,0638;0,0817;0,0177;0,229;0,171;0,13;0,0758;0,0407;0,0269;0,438;0,235;1,09;0,691;0,603;0,403;0,315;0,286;69,45;67,27;58,47;77,56;73,88;72,34;66,87;62,75;60,89;24,3;2,11;86,6;50,5;42,9;21,4;9,59;7,75;-5,94;-3,9;62,31;52,53;44,89;18,9;-0,52;-1,9;0,13388347648318438;0,5303300858899106
SanMarco;SanMarco3;SM314;120;2019-03-03 16:35:00;2019-03-03 16:45:00;45,433663;12,339658;eng;engISO2018;1,0;1,0;5,0;2,0;5,0;4,0;5,0;1,0;2,0;1,0;5,0;1,0;5,0;5,0;3,0;1,0;4,0;5,0;4,0;4,0;2,0;5,0;80,0;;Male;TradeTechVocation;White;Student;;;Other;Erasmus Student;Nah;Arriving;Group;32,47;79,08;71,81;86,97;83,19;82,26;77,85;74,41;73,63;78,96;71,43;86,97;83,14;82,14;77,67;74,19;73,27;77,06;66,93;84,59;81,8;80,58;75,25;71,01;69,4;44,9;0,0;57,5;41,6;30,3;24,0;22,5;2,37;0,0;4,01;3,01;2,82;2,3;2,02;1,95;0,0794;0,0229;0,515;0,227;0,149;0,0549;0,0346;0,0318;0,445;0,0;2,6;1,19;0,938;0,334;0,089;0,0638;0,0817;0,0177;0,229;0,171;0,13;0,0758;0,0407;0,0269;0,438;0,235;1,09;0,691;0,603;0,403;0,315;0,286;69,45;67,27;58,47;77,56;73,88;72,34;66,87;62,75;60,89;24,3;2,11;86,6;50,5;42,9;21,4;9,59;7,75;-5,94;-3,9;62,31;52,53;44,89;18,9;-0,52;-1,9;0,5606601717798213;0,8535533905932737
SanMarco;SanMarco3;SM314;121;2019-03-03 16:35:00;2019-03-03 16:45:00;45,433663;12,339658;eng;engISO2018;1,0;2,0;5,0;2,0;5,0;1,0;2,0;1,0;4,0;3,0;5,0;1,0;4,0;4,0;4,0;1,0;5,0;4,0;1,0;5,0;0,0;4,0;56,0;;Female;TradeTechVocation;White;Student;;;Tourist;;;Arriving;Group;32,47;79,08;71,81;86,97;83,19;82,26;77,85;74,41;73,63;78,96;71,43;86,97;83,14;82,14;77,67;74,19;73,27;77,06;66,93;84,59;81,8;80,58;75,25;71,01;69,4;44,9;0,0;57,5;41,6;30,3;24,0;22,5;2,37;0,0;4,01;3,01;2,82;2,3;2,02;1,95;0,0794;0,0229;0,515;0,227;0,149;0,0549;0,0346;0,0318;0,445;0,0;2,6;1,19;0,938;0,334;0,089;0,0638;0,0817;0,0177;0,229;0,171;0,13;0,0758;0,0407;0,0269;0,438;0,235;1,09;0,691;0,603;0,403;0,315;0,286;69,45;67,27;58,47;77,56;73,88;72,34;66,87;62,75;60,89;24,3;2,11;86,6;50,5;42,9;21,4;9,59;7,75;-5,94;-3,9;62,31;52,53;44,89;18,9;-0,52;-1,9;0,5;0,2677669529663688
MonumentoGaribaldi;MonumentoGaribaldi1;MG101;1;2019-03-03 11:18:00;2019-03-03 11:22:00;45,431837;12,354908;ita;itaSSIDv1;1,0;1,0;3,0;4,0;4,0;2,0;2,0;1,0;4,0;1,0;5,0;1,0;4,0;2,0;1,0;4,0;4,0;5,0;4,0;3,0;4,0;4,0;80,0;;Male;SomeCollege;White;Employed;;;Tourist;;;Staying;Couple;30,46;60,81;56,33;67,05;63,56;63,1;60,28;58,31;57,78;60,27;55,71;66,83;63,04;62,54;59,71;57,64;57,13;53,6;45,74;64,35;57,64;56,43;52,16;48,22;47,74;10,5;0,0;14,1;9,42;7,06;5,59;5,34;1,48;0,0;2,81;1,96;1,84;1,42;1,23;1,19;0,0288;0,0115;0,147;0,052;0,0424;0,0258;0,0177;0,0161;0,227;0,0;1,03;0,51;0,395;0,196;0,0541;0,0378;0,0293;0,0134;0,0775;0,0603;0,0492;0,0257;0,0155;0,0148;0,392;0,17;1,18;0,659;0,592;0,357;0,245;0,219;46,01;43,98;37,26;54,08;49,61;48,47;43,69;39,93;39,2;11,6;0,193;48,3;25,5;21,4;10,0;4,07;3,1;-7,27;-12,98;57,46;25,09;20,68;3,97;-7,92;-9,49;0,5303300858899106;0,3409902576697319
MonumentoGaribaldi;MonumentoGaribaldi1;MG101;2;2019-03-03 11:18:00;2019-03-03 11:22:00;45,431837;12,354908;ita;itaSSIDv1;4,0;5,0;3,0;3,0;4,0;3,0;2,0;3,0;4,0;2,0;2,0;3,0;4,0;4,0;3,0;3,0;3,0;1,0;2,0;1,0;1,0;3,0;32,0;;Female;HighSchoolGraduate;White;Student;;;Other;Fuorisede;;Staying;Couple;30,46;60,81;56,33;67,05;63,56;63,1;60,28;58,31;57,78;60,27;55,71;66,83;63,04;62,54;59,71;57,64;57,13;53,6;45,74;64,35;57,64;56,43;52,16;48,22;47,74;10,5;0,0;14,1;9,42;7,06;5,59;5,34;1,48;0,0;2,81;1,96;1,84;1,42;1,23;1,19;0,0288;0,0115;0,147;0,052;0,0424;0,0258;0,0177;0,0161;0,227;0,0;1,03;0,51;0,395;0,196;0,0541;0,0378;0,0293;0,0134;0,0775;0,0603;0,0492;0,0257;0,0155;0,0148;0,392;0,17;1,18;0,659;0,592;0,357;0,245;0,219;46,01;43,98;37,26;54,08;49,61;48,47;43,69;39,93;39,2;11,6;0,193;48,3;25,5;21,4;10,0;4,07;3,1;-7,27;-12,98;57,46;25,09;20,68;3,97;-7,92;-9,49;0,2071067811865474;-0,25
MonumentoGaribaldi;MonumentoGaribaldi1;MG106;3;2019-03-03 11:33:00;2019-03-03 11:47:00;45,431837;12,354908;ita;itaSSIDv1;2,0;3,0;3,0;4,0;3,0;2,0;4,0;3,0;5,0;2,0;3,0;2,0;5,0;4,0;2,0;3,0;5,0;3,0;3,0;3,0;3,0;4,0;64,0;;Female;SomeHighSchool;White;Student;;;Tourist;;;Staying;Group;32,46;63,31;59,89;68,44;65,04;64,5;63,15;61,72;61,4;62,3;58,43;65,75;63,71;63,41;62,26;60,66;60,18;50,6;46,91;62,28;53,51;52,33;49,56;48,11;47,87;8,49;0,0;15,8;7,93;6,61;5,93;5,79;1,31;0,0;2,45;1,72;1,57;1,26;1,12;1,09;0,0289;0,0135;0,119;0,0495;0,0398;0,0264;0,0191;0,0176;0,161;0,0;0,904;0,34;0,289;0,136;0,0245;0,014;0,0128;0,00458;0,0346;0,0286;0,0219;0,0115;0,00617;0,00576;0,595;0,252;1,67;1,14;0,982;0,533;0,344;0,315;41,9;40,85;37,24;54,56;44,98;44,0;40,39;38,39;38,07;7,28;0,373;48,9;18,0;13,7;5,76;2,7;2,08;-8,91;-13,23;56,9;24,42;15,66;1,55;-9,56;-10,97;0,46966991411008924;-0,07322330470336316
MonumentoGaribaldi;MonumentoGaribaldi1;MG106;4;2019-03-03 11:35:55;2019-03-03 11:45:21;45,431837;12,354908;ita;itaSSIDv1;1,0;2,0;3,0;3,0;5,0;1,0;4,0;3,0;5,0;1,0;3,0;2,0;4,0;4,0;3,0;1,0;4,0;4,0;2,0;2,0;1,0;3,0;48,0;;Female;SomeCollege;White;Student;;;;;;;;32,46;63,31;59,89;68,44;65,04;64,5;63,15;61,72;61,4;62,3;58,43;65,75;63,71;63,41;62,26;60,66;60,18;50,6;46,91;62,28;53,51;52,33;49,56;48,11;47,87;8,49;0,0;15,8;7,93;6,61;5,93;5,79;1,31;0,0;2,45;1,72;1,57;1,26;1,12;1,09;0,0289;0,0135;0,119;0,0495;0,0398;0,0264;0,0191;0,0176;0,161;0,0;0,904;0,34;0,289;0,136;0,0245;0,014;0,0128;0,00458;0,0346;0,0286;0,0219;0,0115;0,00617;0,00576;0,595;0,252;1,67;1,14;0,982;0,533;0,344;0,315;41,9;40,85;37,24;54,56;44,98;44,0;40,39;38,39;38,07;7,28;0,373;48,9;18,0;13,7;5,76;2,7;2,08;-8,91;-13,23;56,9;24,42;15,66;1,55;-9,56;-10,97;0,8535533905932737;-0,14644660940672632
MonumentoGaribaldi;MonumentoGaribaldi1;MG108;5;2019-03-03 11:48:00;2019-03-03 11:58:00;45,431837;12,354908;ita;itaSSIDv1;1,0;3,0;3,0;2,0;4,0;2,0;4,0;3,0;4,0;1,0;4,0;1,0;4,0;5,0;1,0;1,0;3,0;4,0;3,0;3,0;1,0;3,0;56,0;;Female;SomeHighSchool;White;Retired;;;;;;Leaving;Couple;31,69;61,29;56,67;65,69;64,09;63,24;60,94;58,71;58,2;60,36;55,82;65,27;63,11;62,26;59,99;57,87;57,36;52,39;45,58;63,83;57,56;54,71;49,96;47,48;46,86;9,3;0,0;13,9;8,5;6,51;5,65;5,47;1,5;0,0;2,43;1,84;1,75;1,47;1,32;1,28;0,0243;0,0108;0,0944;0,0378;0,0332;0,0227;0,0168;0,0154;0,134;0,0;1,17;0,414;0,269;0,0669;0,014;0,0081;0,0183;0,00558;0,0455;0,0402;0,0324;0,0165;0,00797;0,00671;0,459;0,236;1,22;0,731;0,661;0,436;0,307;0,281;44,39;42,46;37,9;53,5;47,85;46,27;41,93;39,45;39,02;8,42;0,0999;55,5;19,0;16,1;6,98;3,02;2,33;-7,2;-18,75;55,05;24,99;16,64;-2,11;-16,75;-17,55;0,6767766952966368;0,17677669529663692
MonumentoGaribaldi;MonumentoGaribaldi1;MG111;6;2019-03-03 12:06:00;2019-03-03 12:16:00;45,431837;12,354908;ita;itaSSIDv1;2,0;2,0;3,0;2,0;1,0;3,0;3,0;3,0;2,0;1,0;4,0;1,0;4,0;4,0;2,0;1,0;2,0;3,0;3,0;4,0;4,0;4,0;72,0;;Female;TradeTechVocation;White;Employed;;;;;;Leaving;Couple;39,64;66,96;59,74;71,7;69,52;69,18;66,99;61,77;61,15;65,85;58,77;70,36;68,59;68,24;65,66;60,89;60,23;59,79;49,92;67,1;63,47;62,9;58,49;53,67;52,52;14,5;0,0;17,9;13,9;10,8;7,77;7,17;1,42;0,0;2,39;1,8;1,71;1,38;1,19;1,16;0,0588;0,0143;0,243;0,13;0,109;0,0477;0,0264;0,0227;0,222;0,0;1,81;0,488;0,401;0,193;0,0469;0,0258;0,0133;0,00344;0,0747;0,0414;0,0271;0,00847;0,00502;0,0044;0,447;0,194;1,27;0,697;0,607;0,428;0,309;0,278;50,02;48,23;39,45;57,22;53,76;52,69;48,26;43,37;42,17;8,97;0,238;59,3;20,7;16,7;7,32;3,27;2,51;-1,38;-12,69;58,65;33,19;20,96;4,23;-9,5;-10,52;0,07322330470336312;0,32322330470336313
MonumentoGaribaldi;MonumentoGaribaldi1;MG116;12;2019-03-03 12:30:00;2019-03-03 12:39:00;45,431837;12,354908;ita;itaSSIDv1;2,0;1,0;4,0;2,0;4,0;3,0;3,0;3,0;4,0;3,0;4,0;3,0;4,0;4,0;3,0;2,0;3,0;2,0;2,0;2,0;2,0;3,0;44,0;;Female;PostgraduateDegree;White;Unemployed;;;Other;Roma;Da fastidio il rumore della ghiaia .com is gente Che passa;Arriving;Group;36,82;62,0;54,38;73,18;66,25;65,15;60,84;56,92;56,43;60,01;52,63;73,16;63,66;62,6;59,11;54,99;54,53;53,86;45,93;67,3;57,44;56,32;52,95;48,91;48,33;10,1;0,0;21,1;9,39;7,49;5,94;5,62;1,56;0,0;2,33;1,92;1,83;1,54;1,34;1,29;0,0273;0,0111;0,191;0,0431;0,037;0,0254;0,0184;0,0166;0,15;0,0;0,722;0,421;0,305;0,0832;0,014;0,00817;0,0212;0,00616;0,0713;0,0431;0,039;0,0188;0,00992;0,0089;0,434;0,209;1,07;0,711;0,608;0,417;0,289;0,273;45,39;44,06;38,11;56,99;48,56;47,6;44,03;40,73;40,2;9,18;0,196;42,3;19,2;15,9;8,08;3,78;2,96;-0,8;-13,5;53,79;27,68;18,39;2,28;-11,0;-11,59;0,17677669529663684;0,030330085889910697
MonumentoGaribaldi;MonumentoGaribaldi1;MG116;13;2019-03-03 12:30:35;2019-03-03 12:39:04;45,431837;12,354908;ita;itaSSIDv1;3,0;3,0;4,0;4,0;4,0;2,0;3,0;4,0;4,0;2,0;3,0;2,0;4,0;4,0;2,0;5,0;5,0;3,0;2,0;3,0;4,0;3,0;60,0;;Female;HighSchoolGraduate;White;Student;;;;;sound environment more calm than padova, more relaxing!;Arriving;Group;36,82;62,0;54,38;73,18;66,25;65,15;60,84;56,92;56,43;60,01;52,63;73,16;63,66;62,6;59,11;54,99;54,53;53,86;45,93;67,3;57,44;56,32;52,95;48,91;48,33;10,1;0,0;21,1;9,39;7,49;5,94;5,62;1,56;0,0;2,33;1,92;1,83;1,54;1,34;1,29;0,0273;0,0111;0,191;0,0431;0,037;0,0254;0,0184;0,0166;0,15;0,0;0,722;0,421;0,305;0,0832;0,014;0,00817;0,0212;0,00616;0,0713;0,0431;0,039;0,0188;0,00992;0,0089;0,434;0,209;1,07;0,711;0,608;0,417;0,289;0,273;45,39;44,06;38,11;56,99;48,56;47,6;44,03;40,73;40,2;9,18;0,196;42,3;19,2;15,9;8,08;3,78;2,96;-0,8;-13,5;53,79;27,68;18,39;2,28;-11,0;-11,59;0,42677669529663675;-0,17677669529663692
SanMarco;SanMarco1;AM02;17;2019-02-28 12:19:34;2019-02-28 12:22:41;45,433663;12,339658;ita;itaSSIDv1;3,0;2,0;4,0;4,0;4,0;3,0;4,0;3,0;4,0;2,0;4,0;2,0;4,0;3,0;3,0;2,0;5,0;3,0;2,0;2,0;1,0;3,0;44,0;;Female;UniversityGraduate;White;Employed;;;Tourist;;;Leaving;Couple;30,51;72,47;68,54;77,65;74,71;74,03;72,25;70,34;69,8;72,37;68,35;77,64;74,61;73,94;72,15;70,22;69,66;69,69;64,13;75,87;72,61;71,68;69,2;66,74;65,85;27,7;0,0;34,5;26,1;22,1;18,9;18,1;2,04;0,0;3,17;2,44;2,32;2,01;1,8;1,76;0,0428;0,0174;0,218;0,0678;0,0562;0,039;0,0294;0,0265;0,423;0,0;2,41;1,18;0,826;0,316;0,104;0,0687;0,0214;0,00927;0,0577;0,0367;0,0334;0,0196;0,0122;0,0112;0,335;0,181;0,817;0,482;0,424;0,324;0,262;0,243;62,23;61,21;55,49;68,28;65,57;64,18;61,1;58,2;57,38;13,8;1,58;52,5;25,6;21,8;12,7;7,17;5,96;-0,76;-7,89;56,66;43,57;36,85;9,35;-5,98;-6,65;0,42677669529663687;0,17677669529663692
SanMarco;SanMarco1;AM02;18;2019-02-28 12:10:26;2019-02-28 12:18:42;45,433663;12,339658;ita;itaSSIDv1;1,0;1,0;4,0;3,0;4,0;3,0;4,0;4,0;5,0;2,0;3,0;3,0;5,0;5,0;4,0;3,0;4,0;1,0;3,0;2,0;4,0;3,0;52,0;;Female;UniversityGraduate;White;Unemployed;;;Tourist;;;Staying;Couple;30,51;72,47;68,54;77,65;74,71;74,03;72,25;70,34;69,8;72,37;68,35;77,64;74,61;73,94;72,15;70,22;69,66;69,69;64,13;75,87;72,61;71,68;69,2;66,74;65,85;27,7;0,0;34,5;26,1;22,1;18,9;18,1;2,04;0,0;3,17;2,44;2,32;2,01;1,8;1,76;0,0428;0,0174;0,218;0,0678;0,0562;0,039;0,0294;0,0265;0,423;0,0;2,41;1,18;0,826;0,316;0,104;0,0687;0,0214;0,00927;0,0577;0,0367;0,0334;0,0196;0,0122;0,0112;0,335;0,181;0,817;0,482;0,424;0,324;0,262;0,243;62,23;61,21;55,49;68,28;65,57;64,18;61,1;58,2;57,38;13,8;1,58;52,5;25,6;21,8;12,7;7,17;5,96;-0,76;-7,89;56,66;43,57;36,85;9,35;-5,98;-6,65;0,42677669529663675;-0,17677669529663675
SanMarco;SanMarco1;ML101;22;2019-02-28 12:18:50;2019-02-28 12:33:08;45,433663;12,339658;ita;itaSSIDv1;1,0;1,0;4,0;2,0;3,0;4,0;4,0;4,0;2,0;2,0;4,0;2,0;4,0;4,0;3,0;4,0;4,0;3,0;3,0;2,0;2,0;4,0;56,0;;Male;HighSchoolGraduate;White;Employed;;;Local;;;PassingThrough;Couple;30,55;74,35;68,72;79,83;77,38;76,36;73,75;71,7;70,94;74,04;68,18;79,77;77,28;76,2;73,35;71,15;70,19;71,33;63,86;79,35;75,09;73,77;70,51;67,54;66,29;29,8;0,0;37,2;28,0;23,2;19,7;18,1;2,04;0,0;3,43;2,49;2,35;1,99;1,8;1,75;0,0432;0,0184;0,184;0,0652;0,0584;0,0402;0,0289;0,0267;0,441;0,0;3,03;1,14;0,817;0,333;0,134;0,0984;0,0367;0,00988;0,101;0,0836;0,0718;0,0307;0,0175;0,0141;0,362;0,209;0,91;0,517;0,466;0,349;0,265;0,247;63,5;62,02;55,29;70,45;66,46;65,18;61,97;59,15;57,69;16,1;1,36;78,5;34,9;28,1;13,7;7,24;5,8;-0,36;-6,39;58,58;47,46;37,49;9,49;-3,97;-4,63;0,10355339059327368;0,29289321881345237
SanMarco;SanMarco1;ML101;23;2019-02-28 12:22:45;2019-02-28 12:31:33;45,433663;12,339658;ita;itaSSIDv1;1,0;1,0;4,0;1,0;3,0;3,0;4,0;3,0;2,0;3,0;4,0;2,0;3,0;4,0;4,0;4,0;4,0;3,0;4,0;3,0;1,0;4,0;60,0;;Female;SomeHighSchool;White;Retired;;;Local;;;PassingThrough;Couple;30,55;74,35;68,72;79,83;77,38;76,36;73,75;71,7;70,94;74,04;68,18;79,77;77,28;76,2;73,35;71,15;70,19;71,33;63,86;79,35;75,09;73,77;70,51;67,54;66,29;29,8;0,0;37,2;28,0;23,2;19,7;18,1;2,04;0,0;3,43;2,49;2,35;1,99;1,8;1,75;0,0432;0,0184;0,184;0,0652;0,0584;0,0402;0,0289;0,0267;0,441;0,0;3,03;1,14;0,817;0,333;0,134;0,0984;0,0367;0,00988;0,101;0,0836;0,0718;0,0307;0,0175;0,0141;0,362;0,209;0,91;0,517;0,466;0,349;0,265;0,247;63,5;62,02;55,29;70,45;66,46;65,18;61,97;59,15;57,69;16,1;1,36;78,5;34,9;28,1;13,7;7,24;5,8;-0,36;-6,39;58,58;47,46;37,49;9,49;-3,97;-4,63;0,07322330470336298;0,32322330470336325
SanMarco;SanMarco1;ML104;24;2019-02-28 12:58:00;2019-02-28 13:08:00;45,433663;12,339658;ita;itaSSIDv1;1,0;2,0;4,0;4,0;4,0;4,0;4,0;3,0;2,0;2,0;4,0;2,0;4,0;4,0;3,0;4,0;4,0;4,0;3,0;3,0;3,0;4,0;68,0;;Female;TradeTechVocation;White;Student;;;Tourist;;;PassingThrough;Couple;63,36;72,91;67,47;81,02;76,66;75,09;71,91;69,45;68,72;72,75;67,12;81,03;76,6;74,96;71,69;69,23;68,47;69,57;62,24;79,52;74,36;72,74;67,64;64,9;64,2;28,5;0,0;39,0;26,1;20,5;17,4;16,5;1,98;0,0;3,21;2,38;2,26;1,94;1,75;1,7;0,0431;0,0179;0,449;0,0655;0,0569;0,0384;0,0281;0,0257;0,386;0,0;2,06;1,02;0,778;0,311;0,108;0,0729;0,0259;0,00541;0,128;0,0531;0,0454;0,0222;0,00925;0,00777;0,351;0,0848;1,05;0,544;0,478;0,333;0,254;0,226;61,66;59,92;53,24;70,68;65,54;64,07;59,37;56,4;55,63;13,6;0,79;82,7;31,0;24,5;11,3;5,83;4,74;-1,28;-10,54;59,37;45,09;35,56;10,22;-7,86;-8,63;0,20710678118654743;0,39644660940672616
SanMarco;SanMarco1;ML104;25;2019-02-28 12:58:00;2019-02-28 13:08:00;45,433663;12,339658;ita;itaSSIDv1;1,0;2,0;4,0;4,0;5,0;3,0;4,0;4,0;4,0;3,0;4,0;2,0;4,0;4,0;3,0;2,0;5,0;4,0;2,0;3,0;1,0;3,0;52,0;;Male;TradeTechVocation;White;Student;;;Tourist;;;;;63,36;72,91;67,47;81,02;76,66;75,09;71,91;69,45;68,72;72,75;67,12;81,03;76,6;74,96;71,69;69,23;68,47;69,57;62,24;79,52;74,36;72,74;67,64;64,9;64,2;28,5;0,0;39,0;26,1;20,5;17,4;16,5;1,98;0,0;3,21;2,38;2,26;1,94;1,75;1,7;0,0431;0,0179;0,449;0,0655;0,0569;0,0384;0,0281;0,0257;0,386;0,0;2,06;1,02;0,778;0,311;0,108;0,0729;0,0259;0,00541;0,128;0,0531;0,0454;0,0222;0,00925;0,00777;0,351;0,0848;1,05;0,544;0,478;0,333;0,254;0,226;61,66;59,92;53,24;70,68;65,54;64,07;59,37;56,4;55,63;13,6;0,79;82,7;31,0;24,5;11,3;5,83;4,74;-1,28;-10,54;59,37;45,09;35,56;10,22;-7,86;-8,63;0,42677669529663664;0,07322330470336316
SanMarco;SanMarco1;ML105;26;2019-02-28 13:04:32;2019-02-28 13:12:06;45,433663;12,339658;ita;itaSSIDv1;1,0;1,0;5,0;3,0;5,0;4,0;5,0;2,0;2,0;1,0;4,0;1,0;4,0;4,0;3,0;3,0;4,0;4,0;2,0;4,0;3,0;4,0;68,0;;Female;PostgraduateDegree;White;Student;;;Tourist;;No;Staying;Couple;30,51;71,81;69,32;77,14;73,81;73,37;71,44;70,24;69,99;71,65;69,09;77,03;73,65;73,23;71,28;70,02;69,75;67,62;63,4;73,48;70,56;69,89;66,99;65,19;64,7;23,5;0,0;28,3;22,5;19,4;17,6;17,1;1,85;0,0;3,14;2,16;2,07;1,83;1,66;1,63;0,0431;0,0193;0,112;0,0658;0,0574;0,0414;0,0293;0,0269;0,317;0,0;1,47;0,788;0,623;0,248;0,0896;0,063;0,0236;0,0106;0,0519;0,0405;0,0379;0,0223;0,0134;0,012;0,337;0,184;1,01;0,505;0,445;0,323;0,26;0,237;59,09;58,39;54,67;64,39;61,84;61,13;57,94;56,35;56,02;12,9;0,699;58,2;26,1;22,3;11,4;5,95;4,91;-1,21;-11,48;58,02;40,65;31,49;8,2;-8,47;-9,75;0,5606601717798212;0,6464466094067263
SanMarco;SanMarco1;ML111;27;2019-02-28 14:01:11;2019-02-28 14:07:11;45,433663;12,339658;ita;itaSSIDv1;2,0;3,0;3,0;2,0;4,0;4,0;4,0;2,0;2,0;1,0;4,0;1,0;5,0;4,0;3,0;1,0;3,0;2,0;1,0;1,0;0,0;4,0;32,0;;Female;SomeCollege;White;Student;;;Tourist;;;;;122,15;68,86;65,61;81,15;70,9;70,01;68,23;67,06;66,79;68,54;65,24;81,1;70,68;69,74;67,86;66,63;66,35;64,8;59,57;81,08;67,72;66,44;63,42;61,47;60,98;20,0;0,0;39,1;18,5;15,7;14,0;13,7;1,83;0,0;3,21;2,12;2,01;1,8;1,67;1,64;0,0363;0,0147;0,213;0,0523;0,0471;0,0347;0,0261;0,024;0,194;0,0;3,63;0,568;0,38;0,109;0,024;0,014;0,0186;0,00452;0,0916;0,0419;0,0307;0,0148;0,00848;0,00712;0,359;0,215;1,29;0,535;0,466;0,338;0,275;0,26;56,68;55,25;50,81;68,84;59,69;58,06;54,86;52,83;52,35;11,0;0,59;85,3;22,9;18,3;9,48;4,96;4,07;-0,93;-9,06;55,25;38,51;29,51;7,95;-6,62;-7,6;0,3838834764831843;0,573223304703363
SanMarco;SanMarco1;ML111;28;2019-02-28 14:01:11;2019-02-28 14:07:11;45,433663;12,339658;ita;itaSSIDv1;2,0;1,0;1,0;2,0;4,0;2,0;4,0;4,0;3,0;1,0;3,0;1,0;4,0;3,0;2,0;1,0;3,0;3,0;3,0;5,0;4,0;4,0;76,0;;Male;SomeCollege;White;Student;;;Tourist;;No;;;122,15;68,86;65,61;81,15;70,9;70,01;68,23;67,06;66,79;68,54;65,24;81,1;70,68;69,74;67,86;66,63;66,35;64,8;59,57;81,08;67,72;66,44;63,42;61,47;60,98;20,0;0,0;39,1;18,5;15,7;14,0;13,7;1,83;0,0;3,21;2,12;2,01;1,8;1,67;1,64;0,0363;0,0147;0,213;0,0523;0,0471;0,0347;0,0261;0,024;0,194;0,0;3,63;0,568;0,38;0,109;0,024;0,014;0,0186;0,00452;0,0916;0,0419;0,0307;0,0148;0,00848;0,00712;0,359;0,215;1,29;0,535;0,466;0,338;0,275;0,26;56,68;55,25;50,81;68,84;59,69;58,06;54,86;52,83;52,35;11,0;0,59;85,3;22,9;18,3;9,48;4,96;4,07;-0,93;-9,06;55,25;38,51;29,51;7,95;-6,62;-7,6;0,6035533905932736;0,04289321881345256
SanMarco;SanMarco1;ML111;29;2019-02-28 14:01:11;2019-02-28 14:07:11;45,433663;12,339658;ita;itaSSIDv1;2,0;2,0;3,0;2,0;5,0;2,0;3,0;3,0;3,0;1,0;5,0;1,0;4,0;4,0;3,0;4,0;4,0;3,0;3,0;3,0;2,0;3,0;56,0;;Female;HighSchoolGraduate;White;Student;;;Tourist;;;Arriving;Group;122,15;68,86;65,61;81,15;70,9;70,01;68,23;67,06;66,79;68,54;65,24;81,1;70,68;69,74;67,86;66,63;66,35;64,8;59,57;81,08;67,72;66,44;63,42;61,47;60,98;20,0;0,0;39,1;18,5;15,7;14,0;13,7;1,83;0,0;3,21;2,12;2,01;1,8;1,67;1,64;0,0363;0,0147;0,213;0,0523;0,0471;0,0347;0,0261;0,024;0,194;0,0;3,63;0,568;0,38;0,109;0,024;0,014;0,0186;0,00452;0,0916;0,0419;0,0307;0,0148;0,00848;0,00712;0,359;0,215;1,29;0,535;0,466;0,338;0,275;0,26;56,68;55,25;50,81;68,84;59,69;58,06;54,86;52,83;52,35;11,0;0,59;85,3;22,9;18,3;9,48;4,96;4,07;-0,93;-9,06;55,25;38,51;29,51;7,95;-6,62;-7,6;0,6338834764831843;0,2803300858899107
SanMarco;SanMarco1;ML111;30;2019-02-28 13:49:01;2019-02-28 14:09:42;45,433663;12,339658;ita;itaSSIDv1;2,0;2,0;3,0;2,0;4,0;3,0;5,0;1,0;3,0;1,0;5,0;1,0;4,0;4,0;2,0;1,0;4,0;4,0;1,0;1,0;1,0;4,0;44,0;;Male;HighSchoolGraduate;White;Student;;;Tourist;;;Arriving;Group;122,15;68,86;65,61;81,15;70,9;70,01;68,23;67,06;66,79;68,54;65,24;81,1;70,68;69,74;67,86;66,63;66,35;64,8;59,57;81,08;67,72;66,44;63,42;61,47;60,98;20,0;0,0;39,1;18,5;15,7;14,0;13,7;1,83;0,0;3,21;2,12;2,01;1,8;1,67;1,64;0,0363;0,0147;0,213;0,0523;0,0471;0,0347;0,0261;0,024;0,194;0,0;3,63;0,568;0,38;0,109;0,024;0,014;0,0186;0,00452;0,0916;0,0419;0,0307;0,0148;0,00848;0,00712;0,359;0,215;1,29;0,535;0,466;0,338;0,275;0,26;56,68;55,25;50,81;68,84;59,69;58,06;54,86;52,83;52,35;11,0;0,59;85,3;22,9;18,3;9,48;4,96;4,07;-0,93;-9,06;55,25;38,51;29,51;7,95;-6,62;-7,6;0,6035533905932737;0,7071067811865476
SanMarco;SanMarco1;ML130;31;2019-02-28 14:18:37;2019-02-28 14:40:16;45,433663;12,339658;ita;itaSSIDv1;1,0;1,0;4,0;1,0;4,0;3,0;4,0;1,0;3,0;1,0;4,0;1,0;4,0;4,0;3,0;3,0;3,0;4,0;3,0;3,0;1,0;4,0;60,0;;Female;HighSchoolGraduate;White;Student;;;Tourist;;;;;30,85;70,34;66,38;79,59;73,16;72,14;69,9;67,98;67,46;70,12;66,06;79,57;73,06;71,98;69,63;67,66;67,15;66,8;60,86;77,22;70,59;69,24;65,67;63,26;62,61;22,6;0,0;35,0;21,1;17,5;15,3;14,7;1,89;0,0;3,63;2,33;2,16;1,85;1,66;1,63;0,0371;0,0197;0,0887;0,0552;0,0496;0,0363;0,0273;0,0252;0,262;0,0;2,17;0,779;0,554;0,172;0,0543;0,0335;0,0312;0,0109;0,15;0,112;0,0795;0,0199;0,0127;0,0117;0,374;0,219;1,29;0,603;0,469;0,344;0,272;0,253;59,01;57,43;52,37;67,84;62,15;60,87;57,03;54,51;54,05;13,3;1,16;91,1;31,0;23,0;10,9;5,87;4,92;-1,38;-7,95;58,11;39,58;33,87;9,18;-5,73;-6,24;0,5303300858899106;0,5303300858899108
SanMarco;SanMarco1;ML130;32;2019-02-28 14:18:37;2019-02-28 14:40:16;45,433663;12,339658;ita;itaSSIDv1;3,0;4,0;5,0;3,0;2,0;5,0;3,0;2,0;1,0;3,0;4,0;1,0;3,0;4,0;3,0;3,0;3,0;1,0;0,0;2,0;1,0;0,0;16,0;;Male;SomeHighSchool;White;Employed;;;Tourist;;;Leaving;Group;30,85;70,34;66,38;79,59;73,16;72,14;69,9;67,98;67,46;70,12;66,06;79,57;73,06;71,98;69,63;67,66;67,15;66,8;60,86;77,22;70,59;69,24;65,67;63,26;62,61;22,6;0,0;35,0;21,1;17,5;15,3;14,7;1,89;0,0;3,63;2,33;2,16;1,85;1,66;1,63;0,0371;0,0197;0,0887;0,0552;0,0496;0,0363;0,0273;0,0252;0,262;0,0;2,17;0,779;0,554;0,172;0,0543;0,0335;0,0312;0,0109;0,15;0,112;0,0795;0,0199;0,0127;0,0117;0,374;0,219;1,29;0,603;0,469;0,344;0,272;0,253;59,01;57,43;52,37;67,84;62,15;60,87;57,03;54,51;54,05;13,3;1,16;91,1;31,0;23,0;10,9;5,87;4,92;-1,38;-7,95;58,11;39,58;33,87;9,18;-5,73;-6,24;-0,25;0,6464466094067263
SanMarco;SanMarco1;ML131;33;2019-02-28 14:40:21;2019-02-28 14:53:23;45,433663;12,339658;ita;itaSSIDv1;2,0;2,0;4,0;1,0;3,0;4,0;4,0;2,0;1,0;3,0;4,0;2,0;2,0;2,0;4,0;4,0;3,0;2,0;2,0;1,0;2,0;1,0;32,0;;Female;SomeCollege;White;Student;;;Other;Cittadino;;Arriving;Couple;120,53;72,0;67,52;81,73;74,9;73,8;71,38;69,74;69,4;71,84;67,29;81,73;74,76;73,64;71,21;69,55;69,2;69,49;62,89;80,15;72,76;71,62;68,66;66,38;65,82;26,8;0,0;37,9;25,1;21,1;18,3;17,7;2,09;0,0;4,77;2,56;2,39;2,04;1,83;1,78;0,0405;0,0168;0,109;0,0594;0,0538;0,0388;0,0292;0,0269;0,327;0,0;2,35;0,851;0,641;0,257;0,0883;0,0616;0,0228;0,0068;0,194;0,0544;0,0369;0,0171;0,00988;0,00883;0,357;0,203;1,26;0,518;0,449;0,34;0,276;0,262;61,67;60,59;54,86;69,8;64,66;63,46;60,43;58,09;57,36;12,9;1,03;88,2;25,4;21,1;11,4;6,2;5,12;-0,95;-7,67;56,38;44,77;35,22;14,6;-0,2;-1,9;-0,0732233047033632;0,5732233047033631
SanMarco;SanMarco1;ML131;34;2019-02-28 14:35:47;2019-02-28 14:53:13;45,433663;12,339658;ita;itaSSIDv1;2,0;2,0;3,0;2,0;4,0;4,0;4,0;4,0;4,0;3,0;3,0;1,0;4,0;4,0;3,0;5,0;5,0;4,0;3,0;4,0;4,0;4,0;76,0;;Female;SomeCollege;White;Student;;;Local;;;Arriving;Couple;120,53;72,0;67,52;81,73;74,9;73,8;71,38;69,74;69,4;71,84;67,29;81,73;74,76;73,64;71,21;69,55;69,2;69,49;62,89;80,15;72,76;71,62;68,66;66,38;65,82;26,8;0,0;37,9;25,1;21,1;18,3;17,7;2,09;0,0;4,77;2,56;2,39;2,04;1,83;1,78;0,0405;0,0168;0,109;0,0594;0,0538;0,0388;0,0292;0,0269;0,327;0,0;2,35;0,851;0,641;0,257;0,0883;0,0616;0,0228;0,0068;0,194;0,0544;0,0369;0,0171;0,00988;0,00883;0,357;0,203;1,26;0,518;0,449;0,34;0,276;0,262;61,67;60,59;54,86;69,8;64,66;63,46;60,43;58,09;57,36;12,9;1,03;88,2;25,4;21,1;11,4;6,2;5,12;-0,95;-7,67;56,38;44,77;35,22;14,6;-0,2;-1,9;0,3232233047033629;0,11611652351681553
SanMarco;SanMarco1;ML133;35;2019-02-28 15:04:15;2019-02-28 15:10:36;45,433663;12,339658;ita;itaSSIDv1;1,0;2,0;4,0;1,0;2,0;5,0;3,0;2,0;1,0;3,0;4,0;2,0;3,0;4,0;3,0;4,0;4,0;2,0;2,0;3,0;1,0;4,0;48,0;;Female;SomeHighSchool;White;Employed;;;Tourist;;;;Group;60,59;72,64;67,69;80,13;76,35;75,46;71,03;69,43;69,0;72,16;67,38;80,05;75,74;74,9;70,63;69,02;68,58;67,07;61,16;78,08;71,5;69,41;65,29;63,15;62,55;24,4;0,0;39,3;22,4;18,3;15,7;15,2;1,87;0,0;3,18;2,26;2,12;1,84;1,66;1,59;0,0384;0,018;0,133;0,0597;0,0516;0,0364;0,0266;0,0247;0,246;0,0;3,15;0,732;0,545;0,164;0,0492;0,0341;0,0228;0,00601;0,154;0,0974;0,0528;0,0147;0,00746;0,00703;0,344;0,187;1,05;0,538;0,459;0,322;0,255;0,241;59,13;57,2;52,11;70,31;63,14;60,81;56,78;54,16;53,49;11,9;0,345;77,4;29,7;20,9;9,5;5,08;4,2;-2,92;-9,3;62,85;41,81;31,79;9,19;-5,72;-7,6;-0,32322330470336313;0,5732233047033631
SanMarco;SanMarco1;ML133;36;2019-02-28 15:04:15;2019-02-28 15:10:36;45,433663;12,339658;ita;itaSSIDv1;1,0;1,0;3,0;3,0;4,0;4,0;5,0;4,0;2,0;2,0;4,0;2,0;4,0;4,0;2,0;5,0;5,0;4,0;3,0;4,0;4,0;5,0;80,0;;Female;SomeHighSchool;White;Employed;;;Tourist;;;;Group;60,59;72,64;67,69;80,13;76,35;75,46;71,03;69,43;69,0;72,16;67,38;80,05;75,74;74,9;70,63;69,02;68,58;67,07;61,16;78,08;71,5;69,41;65,29;63,15;62,55;24,4;0,0;39,3;22,4;18,3;15,7;15,2;1,87;0,0;3,18;2,26;2,12;1,84;1,66;1,59;0,0384;0,018;0,133;0,0597;0,0516;0,0364;0,0266;0,0247;0,246;0,0;3,15;0,732;0,545;0,164;0,0492;0,0341;0,0228;0,00601;0,154;0,0974;0,0528;0,0147;0,00746;0,00703;0,344;0,187;1,05;0,538;0,459;0,322;0,255;0,241;59,13;57,2;52,11;70,31;63,14;60,81;56,78;54,16;53,49;11,9;0,345;77,4;29,7;20,9;9,5;5,08;4,2;-2,92;-9,3;62,85;41,81;31,79;9,19;-5,72;-7,6;0,28033008588991054;0,36611652351681556
SanMarco;SanMarco1;ML133;37;2019-02-28 15:04:15;2019-02-28 15:10:36;45,433663;12,339658;ita;itaSSIDv1;3,0;2,0;4,0;1,0;2,0;3,0;3,0;3,0;2,0;3,0;3,0;2,0;3,0;2,0;3,0;3,0;3,0;1,0;2,0;1,0;1,0;3,0;32,0;;Male;SomeHighSchool;White;Retired;;;Tourist;;;Leaving;Alone;60,59;72,64;67,69;80,13;76,35;75,46;71,03;69,43;69,0;72,16;67,38;80,05;75,74;74,9;70,63;69,02;68,58;67,07;61,16;78,08;71,5;69,41;65,29;63,15;62,55;24,4;0,0;39,3;22,4;18,3;15,7;15,2;1,87;0,0;3,18;2,26;2,12;1,84;1,66;1,59;0,0384;0,018;0,133;0,0597;0,0516;0,0364;0,0266;0,0247;0,246;0,0;3,15;0,732;0,545;0,164;0,0492;0,0341;0,0228;0,00601;0,154;0,0974;0,0528;0,0147;0,00746;0,00703;0,344;0,187;1,05;0,538;0,459;0,322;0,255;0,241;59,13;57,2;52,11;70,31;63,14;60,81;56,78;54,16;53,49;11,9;0,345;77,4;29,7;20,9;9,5;5,08;4,2;-2,92;-9,3;62,85;41,81;31,79;9,19;-5,72;-7,6;-0,10355339059327391;0,14644660940672632
SanMarco;SanMarco1;ML133;38;2019-02-28 15:05:10;2019-02-28 15:12:40;45,433663;12,339658;ita;itaSSIDv1;4,0;3,0;5,0;2,0;3,0;4,0;4,0;3,0;2,0;2,0;4,0;1,0;4,0;2,0;3,0;4,0;4,0;2,0;2,0;1,0;0,0;1,0;24,0;;Female;HighSchoolGraduate;White;Employed;;;Tourist;;;Leaving;Group;60,59;72,64;67,69;80,13;76,35;75,46;71,03;69,43;69,0;72,16;67,38;80,05;75,74;74,9;70,63;69,02;68,58;67,07;61,16;78,08;71,5;69,41;65,29;63,15;62,55;24,4;0,0;39,3;22,4;18,3;15,7;15,2;1,87;0,0;3,18;2,26;2,12;1,84;1,66;1,59;0,0384;0,018;0,133;0,0597;0,0516;0,0364;0,0266;0,0247;0,246;0,0;3,15;0,732;0,545;0,164;0,0492;0,0341;0,0228;0,00601;0,154;0,0974;0,0528;0,0147;0,00746;0,00703;0,344;0,187;1,05;0,538;0,459;0,322;0,255;0,241;59,13;57,2;52,11;70,31;63,14;60,81;56,78;54,16;53,49;11,9;0,345;77,4;29,7;20,9;9,5;5,08;4,2;-2,92;-9,3;62,85;41,81;31,79;9,19;-5,72;-7,6;0,1767766952966368;0,4696699141100893
SanMarco;SanMarco2;ML202;39;2019-03-01 14:15:00;2019-03-01 14:25:00;45,433663;12,339658;ita;itaSSIDv1;1,0;2,0;5,0;4,0;2,0;4,0;4,0;2,0;2,0;3,0;4,0;2,0;2,0;4,0;3,0;2,0;3,0;4,0;2,0;3,0;2,0;3,0;56,0;;Female;HighSchoolGraduate;White;Employed;;;Tourist;;;;;34,86;82,27;68,33;98,54;89,54;80,95;72,74;69,92;69,54;82,18;67,88;98,55;89,53;80,86;71,92;69,36;69,11;81,86;61,97;98,44;89,42;80,63;67,67;63,83;63,43;40,7;0,0;80,8;33,2;20,6;16,7;16,2;2,18;0,0;4,62;3,14;2,86;2,04;1,76;1,71;0,0397;0,0159;0,195;0,0688;0,055;0,0363;0,0264;0,0246;0,425;0,0;11,4;1,75;0,927;0,131;0,0299;0,0188;0,0669;0,00646;0,279;0,197;0,166;0,0412;0,0144;0,00968;0,473;0,186;1,45;0,896;0,734;0,422;0,286;0,261;70,24;61,82;53,9;82,05;75,3;71,43;59,87;55,64;55,04;18,9;0,945;170,0;57,6;39,9;12,3;5,64;4,63;-9,94;-7,93;74,15;50,98;42,57;14,42;-5,2;-5,9;-0,10355339059327391;0,5
SanMarco;SanMarco2;ML202;40;2019-03-01 14:15:00;2019-03-01 14:25:00;45,433663;12,339658;ita;itaSSIDv1;1,0;4,0;5,0;2,0;4,0;2,0;5,0;1,0;3,0;2,0;5,0;1,0;3,0;5,0;3,0;2,0;3,0;3,0;1,0;1,0;2,0;3,0;40,0;;Female;SomeHighSchool;White;Other;;researcher;Tourist;;;Leaving;Group;34,86;82,27;68,33;98,54;89,54;80,95;72,74;69,92;69,54;82,18;67,88;98,55;89,53;80,86;71,92;69,36;69,11;81,86;61,97;98,44;89,42;80,63;67,67;63,83;63,43;40,7;0,0;80,8;33,2;20,6;16,7;16,2;2,18;0,0;4,62;3,14;2,86;2,04;1,76;1,71;0,0397;0,0159;0,195;0,0688;0,055;0,0363;0,0264;0,0246;0,425;0,0;11,4;1,75;0,927;0,131;0,0299;0,0188;0,0669;0,00646;0,279;0,197;0,166;0,0412;0,0144;0,00968;0,473;0,186;1,45;0,896;0,734;0,422;0,286;0,261;70,24;61,82;53,9;82,05;75,3;71,43;59,87;55,64;55,04;18,9;0,945;170,0;57,6;39,9;12,3;5,64;4,63;-9,94;-7,93;74,15;50,98;42,57;14,42;-5,2;-5,9;0,573223304703363;0,6338834764831845
SanMarco;SanMarco2;ML202;41;2019-03-01 14:15:00;2019-03-01 14:25:00;45,433663;12,339658;ita;itaSSIDv1;1,0;1,0;4,0;4,0;3,0;3,0;4,0;3,0;2,0;2,0;2,0;3,0;3,0;4,0;3,0;2,0;2,0;3,0;4,0;4,0;4,0;4,0;76,0;;Male;TradeTechVocation;White;Student;;;Tourist;;;;;34,86;82,27;68,33;98,54;89,54;80,95;72,74;69,92;69,54;82,18;67,88;98,55;89,53;80,86;71,92;69,36;69,11;81,86;61,97;98,44;89,42;80,63;67,67;63,83;63,43;40,7;0,0;80,8;33,2;20,6;16,7;16,2;2,18;0,0;4,62;3,14;2,86;2,04;1,76;1,71;0,0397;0,0159;0,195;0,0688;0,055;0,0363;0,0264;0,0246;0,425;0,0;11,4;1,75;0,927;0,131;0,0299;0,0188;0,0669;0,00646;0,279;0,197;0,166;0,0412;0,0144;0,00968;0,473;0,186;1,45;0,896;0,734;0,422;0,286;0,261;70,24;61,82;53,9;82,05;75,3;71,43;59,87;55,64;55,04;18,9;0,945;170,0;57,6;39,9;12,3;5,64;4,63;-9,94;-7,93;74,15;50,98;42,57;14,42;-5,2;-5,9;0,10355339059327363;0,04289321881345256
SanMarco;SanMarco2;ML203;42;2019-03-01 13:23:25;2019-03-01 13:35:41;45,433663;12,339658;ita;itaSSIDv1;3,0;3,0;4,0;2,0;3,0;4,0;4,0;3,0;3,0;3,0;4,0;2,0;4,0;4,0;3,0;2,0;3,0;1,0;4,0;1,0;1,0;1,0;32,0;;Female;SomeHighSchool;White;Employed;;;Tourist;;;Leaving;Couple;49,11;70,78;66,69;76,81;74,06;73,33;69,83;68,12;67,79;70,33;66,43;76,57;73,73;72,94;69,44;67,73;67,4;66,72;60,86;76,1;70,67;69,04;65,6;62,56;61,98;22,4;0,0;35,1;21,1;17,5;15,0;14,5;1,85;0,0;3,16;2,19;2,05;1,82;1,68;1,65;0,0432;0,016;0,414;0,0798;0,0559;0,0374;0,0269;0,0248;0,278;0,0;2,25;0,858;0,596;0,17;0,0394;0,0221;0,0262;0,00652;0,0741;0,0633;0,0532;0,023;0,0101;0,00798;0,368;0,189;1,08;0,627;0,532;0,346;0,269;0,247;58,36;57,08;52,09;67,54;61,11;59,9;56,98;54,03;53,55;13,1;1,11;73,9;30,8;24,1;11,2;5,8;4,77;-1,05;-10,7;58,64;41,65;30,36;7,33;-8,48;-9,11;0,07322330470336298;0,3232233047033631
SanMarco;SanMarco2;ML205;43;2019-03-01 13:36:01;2019-03-01 13:50:46;45,433663;12,339658;ita;itaSSIDv1;1,0;1,0;5,0;4,0;5,0;4,0;4,0;3,0;2,0;1,0;4,0;1,0;5,0;4,0;4,0;2,0;5,0;5,0;5,0;5,0;5,0;5,0;100,0;;Female;HighSchoolGraduate;MixedMultipleEthnicGroups;Student;;;Tourist;;e fantastico;Staying;Couple;30,63;71,6;68,0;81,38;74,04;73,21;71,0;69,24;68,98;70,58;67,49;81,32;72,27;71,81;70,01;68,61;68,37;65,58;61,68;78,26;68,76;67,18;64,39;62,85;62,59;20,6;0,0;36,0;19,3;16,8;15,4;15,0;1,83;0,0;4,01;2,17;2,06;1,79;1,67;1,63;0,0377;0,0166;0,126;0,059;0,0496;0,0356;0,0262;0,0241;0,189;0,0;2,03;0,539;0,378;0,128;0,0378;0,0265;0,0235;0,00679;0,095;0,0819;0,0448;0,017;0,00943;0,00787;0,349;0,196;1,08;0,57;0,456;0,323;0,263;0,246;57,23;56,07;52,57;67,61;59,84;58,49;55,72;54,12;53,84;11,6;0,803;78,1;27,0;19,7;9,38;4,96;4,07;-0,88;-8,68;60,15;38,1;30,46;9,67;-6,06;-6,56;0,48743686707645806;0,4696699141100893
SanMarco;SanMarco2;ML205;44;2019-03-01 13:41:08;2019-03-01 13:49:23;45,433663;12,339658;ita;itaSSIDv1;1,0;1,0;4,0;3,0;4,0;3,0;3,0;2,0;3,0;1,0;4,0;1,0;4,0;4,0;3,0;2,0;3,0;2,0;1,0;3,0;2,0;3,0;44,0;;Male;HighSchoolGraduate;White;Student;;;Tourist;;;Staying;Couple;30,63;71,6;68,0;81,38;74,04;73,21;71,0;69,24;68,98;70,58;67,49;81,32;72,27;71,81;70,01;68,61;68,37;65,58;61,68;78,26;68,76;67,18;64,39;62,85;62,59;20,6;0,0;36,0;19,3;16,8;15,4;15,0;1,83;0,0;4,01;2,17;2,06;1,79;1,67;1,63;0,0377;0,0166;0,126;0,059;0,0496;0,0356;0,0262;0,0241;0,189;0,0;2,03;0,539;0,378;0,128;0,0378;0,0265;0,0235;0,00679;0,095;0,0819;0,0448;0,017;0,00943;0,00787;0,349;0,196;1,08;0,57;0,456;0,323;0,263;0,246;57,23;56,07;52,57;67,61;59,84;58,49;55,72;54,12;53,84;11,6;0,803;78,1;27,0;19,7;9,38;4,96;4,07;-0,88;-8,68;60,15;38,1;30,46;9,67;-6,06;-6,56;0,4571067811865475;0,35355339059327384
SanMarco;SanMarco2;ML208;45;2019-03-01 13:57:48;2019-03-01 14:18:01;45,433663;12,339658;ita;itaSSIDv1;1,0;1,0;4,0;3,0;2,0;2,0;4,0;4,0;3,0;3,0;3,0;2,0;3,0;4,0;3,0;3,0;4,0;4,0;3,0;3,0;3,0;4,0;68,0;;Male;SomeCollege;White;Employed;;;Tourist;;;Staying;Couple;60,67;67,8;64,38;73,25;69,96;69,37;67,42;66,0;65,71;67,37;63,89;73,0;69,48;68,88;66,96;65,64;65,33;63,06;58,09;71,16;66,25;65,09;62,39;60,46;59,89;17,6;0,0;22,3;16,7;14,7;13,2;12,8;1,78;0,0;2,6;2,06;1,99;1,76;1,62;1,59;0,0365;0,0174;0,294;0,0515;0,0473;0,035;0,0261;0,0242;0,201;0,0;1,83;0,529;0,4;0,143;0,0346;0,0217;0,013;0,00508;0,0285;0,023;0,0208;0,0116;0,00748;0,00657;0,328;0,209;0,69;0,43;0,398;0,323;0,269;0,256;54,62;54,0;50,15;60,92;57,13;56,29;53,88;51,83;51,37;9,08;0,857;43,7;17,7;14,9;8,4;4,67;3,86;-2,18;-14,87;55,36;37,47;26,7;4,68;-12,56;-13,08;0,11611652351681535;-0,030330085889910607
SanMarco;SanMarco2;ML208;46;2019-03-01 14:11:42;2019-03-01 14:17:10;45,433663;12,339658;ita;itaSSIDv1;1,0;1,0;4,0;2,0;3,0;3,0;4,0;4,0;4,0;1,0;4,0;1,0;4,0;4,0;3,0;3,0;4,0;4,0;3,0;4,0;4,0;5,0;80,0;;Male;UniversityGraduate;White;Employed;;;Tourist;;;Staying;Couple;60,67;67,8;64,38;73,25;69,96;69,37;67,42;66,0;65,71;67,37;63,89;73,0;69,48;68,88;66,96;65,64;65,33;63,06;58,09;71,16;66,25;65,09;62,39;60,46;59,89;17,6;0,0;22,3;16,7;14,7;13,2;12,8;1,78;0,0;2,6;2,06;1,99;1,76;1,62;1,59;0,0365;0,0174;0,294;0,0515;0,0473;0,035;0,0261;0,0242;0,201;0,0;1,83;0,529;0,4;0,143;0,0346;0,0217;0,013;0,00508;0,0285;0,023;0,0208;0,0116;0,00748;0,00657;0,328;0,209;0,69;0,43;0,398;0,323;0,269;0,256;54,62;54,0;50,15;60,92;57,13;56,29;53,88;51,83;51,37;9,08;0,857;43,7;17,7;14,9;8,4;4,67;3,86;-2,18;-14,87;55,36;37,47;26,7;4,68;-12,56;-13,08;0,4999999999999999;0,14644660940672632
SanMarco;SanMarco2;ML212;47;2019-03-01 14:43:38;2019-03-01 15:00:18;45,433663;12,339658;ita;itaSSIDv1;4,0;4,0;3,0;2,0;3,0;3,0;2,0;3,0;2,0;3,0;3,0;3,0;3,0;2,0;3,0;2,0;3,0;1,0;2,0;2,0;1,0;3,0;36,0;;Female;HighSchoolGraduate;;Student;;;;;;Leaving;Couple;60,8;74,29;68,28;84,51;78,69;77,08;72,59;70,17;69,63;72,68;67,67;82,36;76,36;75,15;71,41;69,32;68,91;67,81;62,12;74,25;71,49;70,55;66,82;64,56;63,95;24,7;0,0;30,7;23,5;19,7;17,4;16,7;1,98;0,0;2,87;2,34;2,21;1,95;1,77;1,74;0,0405;0,0175;0,148;0,064;0,055;0,0379;0,0269;0,0248;0,271;0,0;1,74;0,727;0,552;0,178;0,0415;0,0266;0,0141;0,00497;0,0402;0,0274;0,0246;0,0117;0,00674;0,00599;0,383;0,215;1,04;0,619;0,541;0,346;0,286;0,268;59,93;59,07;53,78;66,13;62,68;61,77;58,8;56,72;56,08;10,0;0,803;52,4;19,2;16,1;8,99;5,13;4,3;-0,94;-6,3;64,61;44,94;34,01;9,75;-2,92;-3,97;-0,14644660940672638;0,0
SanMarco;SanMarco2;ML212;48;2019-03-01 14:43:38;2019-03-01 15:01:19;45,433663;12,339658;ita;itaSSIDv1;3,0;5,0;4,0;5,0;3,0;4,0;4,0;2,0;1,0;1,0;4,0;1,0;4,0;4,0;3,0;2,0;3,0;5,0;5,0;5,0;5,0;4,0;96,0;;Male;SomeHighSchool;White;Employed;;;;;;Leaving;Couple;60,8;74,29;68,28;84,51;78,69;77,08;72,59;70,17;69,63;72,68;67,67;82,36;76,36;75,15;71,41;69,32;68,91;67,81;62,12;74,25;71,49;70,55;66,82;64,56;63,95;24,7;0,0;30,7;23,5;19,7;17,4;16,7;1,98;0,0;2,87;2,34;2,21;1,95;1,77;1,74;0,0405;0,0175;0,148;0,064;0,055;0,0379;0,0269;0,0248;0,271;0,0;1,74;0,727;0,552;0,178;0,0415;0,0266;0,0141;0,00497;0,0402;0,0274;0,0246;0,0117;0,00674;0,00599;0,383;0,215;1,04;0,619;0,541;0,346;0,286;0,268;59,93;59,07;53,78;66,13;62,68;61,77;58,8;56,72;56,08;10,0;0,803;52,4;19,2;16,1;8,99;5,13;4,3;-0,94;-6,3;64,61;44,94;34,01;9,75;-2,92;-3,97;0,20710678118654752;0,6464466094067262
SanMarco;SanMarco2;ML214;49;2019-03-01 15:01:27;2019-03-01 15:10:58;45,433663;12,339658;ita;itaSSIDv1;1,0;1,0;4,0;2,0;4,0;3,0;4,0;1,0;2,0;2,0;5,0;1,0;4,0;4,0;3,0;3,0;4,0;4,0;3,0;4,0;4,0;4,0;76,0;;Female;SomeCollege;White;Student;;;;;;PassingThrough;Group;60,54;79,1;69,98;92,56;82,92;81,1;77,16;73,65;72,65;78,07;69,03;92,49;81,19;79,72;75,99;72,2;71,23;72,65;62,38;90,92;73,77;71,15;67,62;65,71;64,82;30,3;0,0;79,9;26,4;22,8;18,6;17,4;2,02;0,0;3,87;2,39;2,25;2,03;1,81;1,75;0,0373;0,0138;0,136;0,0559;0,0494;0,0354;0,0267;0,0249;0,33;0,0;4,32;0,934;0,68;0,211;0,0471;0,0285;0,0225;0,00545;0,247;0,0803;0,0401;0,0139;0,00732;0,00641;0,326;0,138;0,856;0,465;0,412;0,315;0,251;0,234;64,21;60,07;53,26;82,12;65,68;62,75;59,82;57,48;56,4;11,7;1,02;114,0;27,2;20,1;9,7;5,28;4,37;-1,58;-8,63;68,16;46,66;35,46;9,36;-5,39;-6,32;0,35355339059327373;0,7071067811865476
SanMarco;SanMarco2;ML214;50;2019-03-01 15:04:03;2019-03-01 15:10:43;45,433663;12,339658;ita;itaSSIDv1;1,0;1,0;4,0;2,0;4,0;2,0;4,0;4,0;4,0;2,0;4,0;1,0;4,0;5,0;4,0;2,0;5,0;4,0;4,0;2,0;2,0;4,0;64,0;;Female;HighSchoolGraduate;White;Student;;;;;;PassingThrough;Group;60,54;79,1;69,98;92,56;82,92;81,1;77,16;73,65;72,65;78,07;69,03;92,49;81,19;79,72;75,99;72,2;71,23;72,65;62,38;90,92;73,77;71,15;67,62;65,71;64,82;30,3;0,0;79,9;26,4;22,8;18,6;17,4;2,02;0,0;3,87;2,39;2,25;2,03;1,81;1,75;0,0373;0,0138;0,136;0,0559;0,0494;0,0354;0,0267;0,0249;0,33;0,0;4,32;0,934;0,68;0,211;0,0471;0,0285;0,0225;0,00545;0,247;0,0803;0,0401;0,0139;0,00732;0,00641;0,326;0,138;0,856;0,465;0,412;0,315;0,251;0,234;64,21;60,07;53,26;82,12;65,68;62,75;59,82;57,48;56,4;11,7;1,02;114,0;27,2;20,1;9,7;5,28;4,37;-1,58;-8,63;68,16;46,66;35,46;9,36;-5,39;-6,32;0,573223304703363;0,07322330470336316
SanMarco;SanMarco2;ML214;51;2019-03-01 15:04:03;2019-03-01 15:10:43;45,433663;12,339658;ita;itaSSIDv1;1,0;1,0;4,0;2,0;4,0;3,0;4,0;2,0;3,0;1,0;4,0;2,0;4,0;4,0;3,0;2,0;4,0;4,0;3,0;2,0;2,0;3,0;56,0;;Female;TradeTechVocation;White;Student;;;;;;;;60,54;79,1;69,98;92,56;82,92;81,1;77,16;73,65;72,65;78,07;69,03;92,49;81,19;79,72;75,99;72,2;71,23;72,65;62,38;90,92;73,77;71,15;67,62;65,71;64,82;30,3;0,0;79,9;26,4;22,8;18,6;17,4;2,02;0,0;3,87;2,39;2,25;2,03;1,81;1,75;0,0373;0,0138;0,136;0,0559;0,0494;0,0354;0,0267;0,0249;0,33;0,0;4,32;0,934;0,68;0,211;0,0471;0,0285;0,0225;0,00545;0,247;0,0803;0,0401;0,0139;0,00732;0,00641;0,326;0,138;0,856;0,465;0,412;0,315;0,251;0,234;64,21;60,07;53,26;82,12;65,68;62,75;59,82;57,48;56,4;11,7;1,02;114,0;27,2;20,1;9,7;5,28;4,37;-1,58;-8,63;68,16;46,66;35,46;9,36;-5,39;-6,32;0,45710678118654746;0,35355339059327384
SanMarco;SanMarco3;SM301;52;2019-03-03 14:37:00;2019-03-03 14:47:00;45,433663;12,339658;ita;itaSSIDv1;2,0;1,0;4,0;3,0;3,0;4,0;2,0;1,0;3,0;3,0;3,0;4,0;3,0;4,0;4,0;3,0;3,0;2,0;1,0;1,0;1,0;3,0;32,0;;Male;UniversityGraduate;White;Other;;Artigiano;;;A bit of confusion and a sense of annoyance;Staying;Group;44,25;74,5;70,37;83,66;77,33;76,34;73,87;72,19;71,84;74,07;70,06;83,61;76,86;75,7;73,42;71,89;71,57;71,3;66,21;82,95;74,6;73,15;70,26;68,55;68,07;28,4;0,0;52,6;26,8;23,3;21,0;20,4;2,13;0,0;3,65;2,43;2,33;2,1;1,95;1,92;0,046;0,0206;0,184;0,0732;0,0609;0,0431;0,0314;0,029;0,293;0,0;2,88;0,849;0,631;0,176;0,0486;0,0338;0,0269;0,00874;0,11;0,0639;0,0466;0,0223;0,0126;0,0105;0,366;0,188;0,974;0,519;0,462;0,355;0,284;0,261;62,99;62,12;58,24;74,03;65,42;64,29;61,81;60,13;59,69;14,6;1,49;95,4;29,6;23,6;13,0;7,21;6,03;-0,89;-2,43;59,63;45,25;35,6;14,52;-0,06;-0,68;-0,2196699141100895;0,13388347648318447
SanMarco;SanMarco3;SM301;53;2019-03-03 14:37:00;2019-03-03 14:47:00;45,433663;12,339658;ita;itaSSIDv1;2,0;2,0;4,0;3,0;4,0;3,0;4,0;3,0;3,0;3,0;4,0;2,0;4,0;4,0;3,0;4,0;5,0;4,0;4,0;4,0;4,0;4,0;80,0;;Female;TradeTechVocation;MiddleEastern;Other;;;;;;Staying;Group;44,25;74,5;70,37;83,66;77,33;76,34;73,87;72,19;71,84;74,07;70,06;83,61;76,86;75,7;73,42;71,89;71,57;71,3;66,21;82,95;74,6;73,15;70,26;68,55;68,07;28,4;0,0;52,6;26,8;23,3;21,0;20,4;2,13;0,0;3,65;2,43;2,33;2,1;1,95;1,92;0,046;0,0206;0,184;0,0732;0,0609;0,0431;0,0314;0,029;0,293;0,0;2,88;0,849;0,631;0,176;0,0486;0,0338;0,0269;0,00874;0,11;0,0639;0,0466;0,0223;0,0126;0,0105;0,366;0,188;0,974;0,519;0,462;0,355;0,284;0,261;62,99;62,12;58,24;74,03;65,42;64,29;61,81;60,13;59,69;14,6;1,49;95,4;29,6;23,6;13,0;7,21;6,03;-0,89;-2,43;59,63;45,25;35,6;14,52;-0,06;-0,68;0,24999999999999986;0,2500000000000001
SanMarco;SanMarco3;SM303;54;2019-03-03 14:55:00;2019-03-03 15:05:00;45,433663;12,339658;ita;itaSSIDv1;2,0;1,0;4,0;2,0;2,0;5,0;2,0;2,0;2,0;4,0;5,0;2,0;3,0;4,0;3,0;3,0;3,0;4,0;4,0;4,0;1,0;3,0;64,0;;Female;SomeCollege;White;Student;;;;Vistatore;;Staying;Group;34,6;78,13;73,72;83,86;81,31;80,28;77,52;75,78;75,3;77,8;73,27;83,82;80,87;79,87;77,2;75,38;74,95;73,72;68,51;82,65;76,68;75,24;72,92;70,49;70,06;33,2;0,0;45,2;31,3;27,6;24,7;24,0;2,12;0,0;2,97;2,36;2,31;2,11;1,97;1,93;0,0454;0,0205;0,158;0,0666;0,0594;0,0439;0,0325;0,0292;0,571;0,0;2,89;1,39;1,1;0,477;0,144;0,107;0,0209;0,00687;0,0555;0,046;0,0423;0,0174;0,0114;0,00806;0,319;0,135;0,669;0,447;0,412;0,312;0,241;0,215;64,98;64,25;60,17;72,41;67,42;66,22;64,18;62,01;61,51;13,7;1,76;58,2;24,9;21,0;12,5;6,96;5,94;-4,44;-5,24;71,65;49,28;36,61;14,35;-2,51;-3,19;-0,42677669529663703;0,5303300858899108
SanMarco;SanMarco3;SM303;55;2019-03-03 14:54:00;2019-03-03 15:04:00;45,433663;12,339658;ita;itaSSIDv1;3,0;1,0;4,0;3,0;4,0;4,0;4,0;3,0;2,0;2,0;4,0;2,0;2,0;4,0;2,0;3,0;4,0;4,0;3,0;3,0;3,0;3,0;64,0;;Female;HighSchoolGraduate;White;Student;;;;Visitatore;;Staying;Group;34,6;78,13;73,72;83,86;81,31;80,28;77,52;75,78;75,3;77,8;73,27;83,82;80,87;79,87;77,2;75,38;74,95;73,72;68,51;82,65;76,68;75,24;72,92;70,49;70,06;33,2;0,0;45,2;31,3;27,6;24,7;24,0;2,12;0,0;2,97;2,36;2,31;2,11;1,97;1,93;0,0454;0,0205;0,158;0,0666;0,0594;0,0439;0,0325;0,0292;0,571;0,0;2,89;1,39;1,1;0,477;0,144;0,107;0,0209;0,00687;0,0555;0,046;0,0423;0,0174;0,0114;0,00806;0,319;0,135;0,669;0,447;0,412;0,312;0,241;0,215;64,98;64,25;60,17;72,41;67,42;66,22;64,18;62,01;61,51;13,7;1,76;58,2;24,9;21,0;12,5;6,96;5,94;-4,44;-5,24;71,65;49,28;36,61;14,35;-2,51;-3,19;0,20710678118654743;0,39644660940672616
SanMarco;SanMarco3;SM303;56;2019-03-03 14:56:00;2019-03-03 15:06:00;45,433663;12,339658;ita;itaSSIDv1;1,0;2,0;4,0;1,0;3,0;4,0;4,0;2,0;1,0;2,0;4,0;2,0;3,0;4,0;4,0;3,0;5,0;3,0;2,0;3,0;4,0;4,0;64,0;;Female;SomeCollege;White;Student;;;;;;Staying;Group;34,6;78,13;73,72;83,86;81,31;80,28;77,52;75,78;75,3;77,8;73,27;83,82;80,87;79,87;77,2;75,38;74,95;73,72;68,51;82,65;76,68;75,24;72,92;70,49;70,06;33,2;0,0;45,2;31,3;27,6;24,7;24,0;2,12;0,0;2,97;2,36;2,31;2,11;1,97;1,93;0,0454;0,0205;0,158;0,0666;0,0594;0,0439;0,0325;0,0292;0,571;0,0;2,89;1,39;1,1;0,477;0,144;0,107;0,0209;0,00687;0,0555;0,046;0,0423;0,0174;0,0114;0,00806;0,319;0,135;0,669;0,447;0,412;0,312;0,241;0,215;64,98;64,25;60,17;72,41;67,42;66,22;64,18;62,01;61,51;13,7;1,76;58,2;24,9;21,0;12,5;6,96;5,94;-4,44;-5,24;71,65;49,28;36,61;14,35;-2,51;-3,19;0,030330085889910607;0,573223304703363
SanMarco;SanMarco3;SM304;57;2019-03-03 15:05:00;2019-03-03 15:15:00;45,433663;12,339658;ita;itaSSIDv1;1,0;1,0;5,0;2,0;3,0;4,0;4,0;1,0;1,0;1,0;5,0;1,0;4,0;4,0;4,0;2,0;4,0;4,0;3,0;4,0;2,0;3,0;64,0;;Male;SomeHighSchool;White;Employed;;;;;It's rare that the noise from people is louder than traffic and other kinds of noises;Arriving;Couple;38,53;76,74;72,05;84,76;79,82;78,67;75,95;74,56;74,26;76,5;71,86;84,62;79,68;78,43;75,69;74,3;73,98;73,91;68,2;84,55;77,6;76,36;72,75;70,7;70,24;34,1;0,0;45,1;32,0;26,9;23,8;23,2;2,2;0,0;2,93;2,62;2,51;2,15;1,98;1,95;0,0427;0,0184;0,0968;0,062;0,0565;0,0418;0,0314;0,0288;0,431;0,0;4,07;1,39;0,994;0,277;0,0855;0,0612;0,0344;0,0108;0,139;0,0845;0,0623;0,0268;0,0166;0,0143;0,361;0,234;0,735;0,492;0,457;0,351;0,281;0,266;65,73;64,67;60,27;72,48;68,8;67,59;64,35;62,33;61,81;16,7;2,3;80,6;35,3;28,4;14,5;7,8;6,43;-1,33;-5,66;66,07;47,34;39,29;13,65;-3,13;-4,17;0,20710678118654754;0,8535533905932737
SanMarco;SanMarco3;SM304;58;2019-03-03 15:05:00;2019-03-03 15:15:00;45,433663;12,339658;ita;itaSSIDv1;2,0;1,0;5,0;1,0;2,0;5,0;4,0;1,0;1,0;1,0;5,0;1,0;4,0;4,0;3,0;1,0;3,0;3,0;3,0;3,0;1,0;5,0;60,0;;Female;SomeHighSchool;White;Employed;;;;;;Arriving;Couple;38,53;76,74;72,05;84,76;79,82;78,67;75,95;74,56;74,26;76,5;71,86;84,62;79,68;78,43;75,69;74,3;73,98;73,91;68,2;84,55;77,6;76,36;72,75;70,7;70,24;34,1;0,0;45,1;32,0;26,9;23,8;23,2;2,2;0,0;2,93;2,62;2,51;2,15;1,98;1,95;0,0427;0,0184;0,0968;0,062;0,0565;0,0418;0,0314;0,0288;0,431;0,0;4,07;1,39;0,994;0,277;0,0855;0,0612;0,0344;0,0108;0,139;0,0845;0,0623;0,0268;0,0166;0,0143;0,361;0,234;0,735;0,492;0,457;0,351;0,281;0,266;65,73;64,67;60,27;72,48;68,8;67,59;64,35;62,33;61,81;16,7;2,3;80,6;35,3;28,4;14,5;7,8;6,43;-1,33;-5,66;66,07;47,34;39,29;13,65;-3,13;-4,17;0,030330085889910652;0,926776695296637
SanMarco;SanMarco3;SM306;59;2019-03-03 15:16:00;2019-03-03 15:26:00;45,433663;12,339658;ita;itaSSIDv1;1,0;1,0;2,0;2,0;3,0;5,0;5,0;1,0;1,0;3,0;5,0;2,0;2,0;4,0;4,0;2,0;3,0;3,0;1,0;2,0;1,0;3,0;40,0;;Male;SomeHighSchool;White;Employed;;;;;;Leaving;Couple;38,78;77,91;72,58;87,69;81,36;79,42;76,62;74,35;73,84;77,65;72,22;87,68;81,31;79,14;76,27;74,02;73,56;76,22;69,36;87,6;80,25;77,92;74,15;71,32;70,86;39,3;0,0;66,0;36,0;28,8;24,7;23,8;2,34;0,0;4,19;2,93;2,62;2,28;2,06;2,0;0,0463;0,0172;0,135;0,0652;0,0597;0,0456;0,0332;0,0301;0,512;0,0;6,22;1,64;1,03;0,268;0,0843;0,0608;0,0339;0,00749;0,185;0,0811;0,0648;0,0304;0,0112;0,01;0,348;0,125;0,695;0,452;0,422;0,344;0,284;0,267;68,84;66,62;60,67;79,55;71,69;70,04;66,3;63,22;62,56;16,0;1,77;89,7;35,5;28,8;13,2;6,99;5,89;-0,38;-3,89;63,02;51,28;42,85;13,8;-1,59;-2,24;-0,07322330470336316;0,926776695296637
SanMarco;SanMarco3;SM306;60;2019-03-03 15:16:00;2019-03-03 15:26:00;45,433663;12,339658;ita;itaSSIDv1;1,0;1,0;5,0;1,0;3,0;4,0;4,0;3,0;2,0;2,0;4,0;2,0;4,0;4,0;4,0;4,0;3,0;2,0;2,0;3,0;2,0;1,0;40,0;;Female;HighSchoolGraduate;White;Unemployed;;;;;Today is a particular day here;Leaving;Couple;38,78;77,91;72,58;87,69;81,36;79,42;76,62;74,35;73,84;77,65;72,22;87,68;81,31;79,14;76,27;74,02;73,56;76,22;69,36;87,6;80,25;77,92;74,15;71,32;70,86;39,3;0,0;66,0;36,0;28,8;24,7;23,8;2,34;0,0;4,19;2,93;2,62;2,28;2,06;2,0;0,0463;0,0172;0,135;0,0652;0,0597;0,0456;0,0332;0,0301;0,512;0,0;6,22;1,64;1,03;0,268;0,0843;0,0608;0,0339;0,00749;0,185;0,0811;0,0648;0,0304;0,0112;0,01;0,348;0,125;0,695;0,452;0,422;0,344;0,284;0,267;68,84;66,62;60,67;79,55;71,69;70,04;66,3;63,22;62,56;16,0;1,77;89,7;35,5;28,8;13,2;6,99;5,89;-0,38;-3,89;63,02;51,28;42,85;13,8;-1,59;-2,24;0,10355339059327372;0,39644660940672616
SanMarco;SanMarco3;SM307;61;2019-03-03 15:28:00;2019-03-03 15:38:00;45,433663;12,339658;ita;itaSSIDv1;1,0;3,0;3,0;2,0;3,0;2,0;3,0;2,0;1,0;1,0;4,0;1,0;4,0;5,0;3,0;3,0;2,0;1,0;2,0;2,0;0,0;2,0;28,0;;Female;UniversityGraduate;BlackAfricanCaribbeanBlackBritish;Student;;;;;;Staying;Couple;43,14;76,83;72,17;84,38;80,6;79,23;75,68;73,93;73,59;76,6;71,82;84,37;80,41;79,04;75,37;73,64;73,29;73,83;67,68;82,64;78,1;76,61;72,27;69,88;69,48;35,0;0,0;49,9;33,0;26,3;23,1;22,4;2,19;0,0;4,3;2,63;2,46;2,14;1,97;1,93;0,0509;0,022;0,294;0,0876;0,0678;0,0455;0,0323;0,03;0,299;0,0;1,87;0,735;0,59;0,229;0,0892;0,064;0,0299;0,0116;0,0726;0,0573;0,0518;0,0272;0,0145;0,0134;0,378;0,139;0,994;0,547;0,495;0,361;0,28;0,262;65,4;64,15;59,6;73,48;69,18;67,67;63,77;61,33;60,85;16,4;1,8;88,7;32,9;27,4;14,4;7,75;6,47;-1,15;-4,12;62,61;47,66;37,93;15,02;-1,16;-1,78;0,2803300858899106;0,42677669529663687
SanMarco;SanMarco3;SM308;63;2019-03-03 15:38:00;2019-03-03 15:48:00;45,433663;12,339658;ita;itaSSIDv1;1,0;2,0;5,0;4,0;4,0;2,0;3,0;1,0;1,0;1,0;4,0;1,0;4,0;5,0;3,0;1,0;4,0;3,0;2,0;3,0;2,0;3,0;52,0;;Female;SomeCollege;White;Student;;;;;;Staying;Group;40,58;76,32;72,85;83,23;78,62;78,0;75,94;74,24;73,79;76,16;72,68;83,24;78,49;77,88;75,77;74,05;73,6;72,39;68,32;81,36;75,73;74,8;71,69;69,8;69,3;31,5;0,0;42,8;30,1;26,1;23,5;22,7;2,1;0,0;2,85;2,34;2,27;2,08;1,95;1,92;0,045;0,0244;0,0963;0,0653;0,0594;0,0436;0,0326;0,03;0,271;0,0;2,33;0,732;0,535;0,212;0,088;0,0682;0,0229;0,00869;0,0611;0,0473;0,0426;0,0188;0,0119;0,0109;0,344;0,197;0,651;0,443;0,419;0,338;0,284;0,272;63,9;63,32;59,46;70,71;66,6;65,88;63,16;61,19;60,68;14,2;1,2;61,9;27,0;22,7;12,8;7,37;6,25;-3,16;-6,06;66,7;46,77;36,45;12,4;-3,95;-4,43;0,38388347648318444;0,5303300858899107
SanMarco;SanMarco3;SM308;64;2019-03-03 15:38:00;2019-03-03 15:48:00;45,433663;12,339658;ita;itaSSIDv1;3,0;2,0;5,0;2,0;2,0;4,0;4,0;2,0;2,0;3,0;4,0;1,0;3,0;4,0;4,0;3,0;4,0;3,0;1,0;3,0;1,0;3,0;44,0;;Female;SomeCollege;White;Student;;;;;;Staying;Group;40,58;76,32;72,85;83,23;78,62;78,0;75,94;74,24;73,79;76,16;72,68;83,24;78,49;77,88;75,77;74,05;73,6;72,39;68,32;81,36;75,73;74,8;71,69;69,8;69,3;31,5;0,0;42,8;30,1;26,1;23,5;22,7;2,1;0,0;2,85;2,34;2,27;2,08;1,95;1,92;0,045;0,0244;0,0963;0,0653;0,0594;0,0436;0,0326;0,03;0,271;0,0;2,33;0,732;0,535;0,212;0,088;0,0682;0,0229;0,00869;0,0611;0,0473;0,0426;0,0188;0,0119;0,0109;0,344;0,197;0,651;0,443;0,419;0,338;0,284;0,272;63,9;63,32;59,46;70,71;66,6;65,88;63,16;61,19;60,68;14,2;1,2;61,9;27,0;22,7;12,8;7,37;6,25;-3,16;-6,06;66,7;46,77;36,45;12,4;-3,95;-4,43;-0,030330085889910742;0,573223304703363
SanMarco;SanMarco3;SM308;65;2019-03-03 15:34:00;2019-03-03 15:44:00;45,433663;12,339658;ita;itaSSIDv1;1,0;4,0;5,0;2,0;3,0;4,0;2,0;1,0;1,0;3,0;4,0;1,0;3,0;3,0;4,0;1,0;3,0;4,0;1,0;2,0;0,0;4,0;44,0;;Female;SomeCollege;White;Student;;;;;No;Staying;Group;40,58;76,32;72,85;83,23;78,62;78,0;75,94;74,24;73,79;76,16;72,68;83,24;78,49;77,88;75,77;74,05;73,6;72,39;68,32;81,36;75,73;74,8;71,69;69,8;69,3;31,5;0,0;42,8;30,1;26,1;23,5;22,7;2,1;0,0;2,85;2,34;2,27;2,08;1,95;1,92;0,045;0,0244;0,0963;0,0653;0,0594;0,0436;0,0326;0,03;0,271;0,0;2,33;0,732;0,535;0,212;0,088;0,0682;0,0229;0,00869;0,0611;0,0473;0,0426;0,0188;0,0119;0,0109;0,344;0,197;0,651;0,443;0,419;0,338;0,284;0,272;63,9;63,32;59,46;70,71;66,6;65,88;63,16;61,19;60,68;14,2;1,2;61,9;27,0;22,7;12,8;7,37;6,25;-3,16;-6,06;66,7;46,77;36,45;12,4;-3,95;-4,43;-0,14644660940672627;0,6035533905932738
SanMarco;SanMarco3;SM309;66;2019-03-03 15:44:00;2019-03-03 15:54:00;45,433663;12,339658;ita;itaSSIDv1;1,0;1,0;5,0;2,0;2,0;4,0;4,0;2,0;2,0;4,0;4,0;1,0;3,0;4,0;3,0;1,0;2,0;2,0;2,0;3,0;1,0;4,0;48,0;;Male;HighSchoolGraduate;White;Employed;;;;;;Arriving;Couple;34,52;75,42;72,43;81,3;78,03;77,39;75,2;73,47;73,11;75,31;72,29;81,29;77,93;77,29;75,1;73,34;72,98;73,17;68,78;79,63;76,02;75,36;72,77;70,6;70,17;32,8;0,0;47,2;31,2;26,6;23,7;23,1;2,21;0,0;3,78;2,58;2,48;2,18;2,05;2,01;0,0464;0,0235;0,103;0,0662;0,0614;0,0451;0,0337;0,0309;0,371;0,0;3,14;1,0;0,76;0,268;0,0825;0,0577;0,0289;0,0119;0,0748;0,0599;0,0495;0,0278;0,0161;0,0151;0,381;0,203;0,839;0,612;0,527;0,355;0,288;0,267;65,39;64,39;60,27;71,59;68,03;67,31;64,34;62,39;62,01;16,0;2,64;62,3;31,2;26,4;14,3;7,78;6,49;-0,48;-4,96;59,29;47,21;38,56;14,52;-2,34;-3,15;-0,13388347648318452;0,5732233047033631
SanMarco;SanMarco3;SM310;67;2019-03-03 15:50:00;2019-03-03 16:00:00;45,433663;12,339658;ita;itaSSIDv1;2,0;1,0;5,0;3,0;3,0;5,0;3,0;3,0;1,0;5,0;2,0;1,0;2,0;4,0;5,0;1,0;5,0;5,0;4,0;3,0;5,0;5,0;88,0;;Male;SomeCollege;White;Employed;;;;;;Staying;Group;34,52;75,89;72,14;83,2;78,86;78,05;75,0;73,15;72,84;75,75;71,79;83,19;78,79;77,96;74,85;72,88;72,55;72,79;67,84;81,43;76,67;75,25;71,77;68,98;68,54;31,9;0,0;42,4;29,8;25,5;22,2;21,7;2,1;0,0;2,95;2,39;2,29;2,08;1,95;1,92;0,0457;0,0219;0,123;0,068;0,0617;0,0437;0,0325;0,0297;0,287;0,0;2,82;0,786;0,573;0,209;0,0645;0,0433;0,0229;0,00674;0,0745;0,0603;0,0502;0,0171;0,00964;0,00875;0,341;0,182;0,941;0,478;0,433;0,334;0,272;0,252;64,04;63,17;59,35;71,41;67,1;65,77;63,07;60,51;60,16;13,9;1,46;72,3;27,8;22,4;12,3;6,6;5,46;-0,84;-5,27;59,61;46,55;37,15;13,91;-2,76;-3,29;-0,3535533905932738;0,335786437626905
SanMarco;SanMarco3;SM310;68;2019-03-03 15:50:00;2019-03-03 16:00:00;45,433663;12,339658;ita;itaSSIDv1;1,0;2,0;4,0;2,0;4,0;5,0;4,0;4,0;3,0;4,0;4,0;4,0;4,0;4,0;4,0;1,0;3,0;5,0;1,0;4,0;2,0;3,0;60,0;;Female;SomeHighSchool;White;Employed;;;;;no, affatto;Staying;Group;34,52;75,89;72,14;83,2;78,86;78,05;75,0;73,15;72,84;75,75;71,79;83,19;78,79;77,96;74,85;72,88;72,55;72,79;67,84;81,43;76,67;75,25;71,77;68,98;68,54;31,9;0,0;42,4;29,8;25,5;22,2;21,7;2,1;0,0;2,95;2,39;2,29;2,08;1,95;1,92;0,0457;0,0219;0,123;0,068;0,0617;0,0437;0,0325;0,0297;0,287;0,0;2,82;0,786;0,573;0,209;0,0645;0,0433;0,0229;0,00674;0,0745;0,0603;0,0502;0,0171;0,00964;0,00875;0,341;0,182;0,941;0,478;0,433;0,334;0,272;0,252;64,04;63,17;59,35;71,41;67,1;65,77;63,07;60,51;60,16;13,9;1,46;72,3;27,8;22,4;12,3;6,6;5,46;-0,84;-5,27;59,61;46,55;37,15;13,91;-2,76;-3,29;-0,1464466094067264;0,14644660940672632
SanMarco;SanMarco3;SM311;69;2019-03-03 16:04:00;2019-03-03 16:14:00;45,433663;12,339658;ita;itaSSIDv1;1,0;3,0;5,0;3,0;4,0;2,0;4,0;4,0;4,0;2,0;3,0;2,0;4,0;4,0;2,0;4,0;4,0;0,0;3,0;3,0;2,0;2,0;40,0;;Male;SomeHighSchool;White;Employed;;;;;;Staying;Alone;33,15;75,76;72,0;82,57;78,72;77,9;75,17;73,35;72,95;75,6;71,59;82,51;78,64;77,78;74,98;73,1;72,66;73,06;67,09;81,78;76,81;75,67;72,03;69,67;69,15;32,4;0,0;48,8;30,6;25,5;22,4;21,6;2,13;0,0;3,25;2,59;2,45;2,11;1,92;1,87;0,0455;0,0232;0,143;0,0647;0,0589;0,044;0,0329;0,0303;0,371;0,0;2,48;1,04;0,784;0,274;0,0792;0,0579;0,0381;0,00976;0,122;0,099;0,0855;0,0297;0,0138;0,0128;0,37;0,144;0,85;0,565;0,496;0,349;0,279;0,257;64,85;63,66;58,1;74,06;67,68;66,53;63,46;61,26;60,61;16,1;2,42;79,2;34,8;27,8;13,8;7,43;6,14;-0,98;-6,16;60,52;47,28;36,71;12,32;-3,74;-4,54;0,49999999999999983;-0,10355339059327377
SanMarco;SanMarco3;SM312;70;2019-03-03 16:12:00;2019-03-03 16:22:00;45,433663;12,339658;ita;itaSSIDv1;1,0;1,0;5,0;1,0;3,0;2,0;4,0;3,0;4,0;1,0;4,0;1,0;4,0;5,0;2,0;2,0;5,0;5,0;4,0;0,0;0,0;0,0;36,0;;Female;TradeTechVocation;White;Employed;;;;;;Leaving;Group;34,35;75,35;72,73;82,26;77,54;76,71;74,88;73,72;73,46;75,17;72,46;82,19;77,43;76,57;74,67;73,47;73,21;72,23;67,95;80,31;75,1;74,03;71,65;69,83;69,4;30,6;0,0;49,8;29,1;25,2;22,9;22,3;2,11;0,0;3,23;2,46;2,33;2,09;1,93;1,9;0,046;0,0208;0,095;0,0653;0,0606;0,0446;0,0338;0,0316;0,333;0,0;2,48;0,89;0,687;0,244;0,0638;0,0424;0,0219;0,00794;0,0738;0,061;0,0479;0,0166;0,0101;0,00933;0,347;0,202;0,803;0,503;0,454;0,332;0,27;0,258;64,08;63,21;59,34;72,15;66,62;65,49;63,06;61,19;60,84;13,2;1,47;82,6;27,5;21,6;11,4;6,26;5,17;-0,93;-4,61;62,22;47,3;38,36;13,51;-2,08;-2,58;0,573223304703363;0,17677669529663692
SanMarco;SanMarco3;SM313;71;2019-03-03 16:24:00;2019-03-03 16:34:00;45,433663;12,339658;ita;itaSSIDv1;2,0;4,0;4,0;1,0;2,0;4,0;3,0;2,0;1,0;4,0;2,0;2,0;3,0;4,0;4,0;2,0;3,0;4,0;4,0;2,0;2,0;4,0;64,0;;Male;HighSchoolGraduate;White;Employed;;;;;;Leaving;Couple;35,88;75,92;71,49;84,29;78,6;77,9;75,31;73,03;72,68;75,77;71,28;84,27;78,46;77,79;75,13;72,83;72,49;73,46;67,87;83,54;76,39;75,85;72,61;69,87;69,21;33,2;0,0;47,7;32,0;26,7;22,8;21,9;2,16;0,0;3,29;2,48;2,38;2,14;1,99;1,95;0,0486;0,0219;0,479;0,0679;0,0614;0,0444;0,0334;0,0309;0,391;0,0;2,87;0,975;0,764;0,289;0,0824;0,059;0,0237;0,00702;0,0765;0,0503;0,0385;0,0206;0,0115;0,00954;0,347;0,202;0,702;0,463;0,42;0,34;0,281;0,262;65,48;64,45;59,45;73,92;67,87;67,4;64,32;61,65;60,98;13,8;1,69;59,5;26,7;22,0;12,5;7,48;6,24;-0,81;-5,65;60,41;48,8;39,58;12,41;-3,92;-4,45;-0,35355339059327384;0,29289321881345254
